<root>
	<OBJECT_ID>			INT32		</OBJECT_ID>
	<BOOL>				UINT8		</BOOL>
    <DBID>				UINT64		</DBID>
	<UID>				UINT64		</UID>
	<ENTITY_ID>			INT32		</ENTITY_ID>
	<SPACE_ID>			UINT32		</SPACE_ID>
	<POSITION3D>		VECTOR3		</POSITION3D>
	<DIRECTION3D>		VECTOR3		</DIRECTION3D>
	<SPACE_KEY>			UINT64		</SPACE_KEY>
	<CONTROLLER_ID>		INT32		</CONTROLLER_ID>
	<EXPERIENCE>		INT32		</EXPERIENCE>
	<ITEM_ID>			INT32		</ITEM_ID>
	<SKILLID>			INT32		</SKILLID>
	<QUESTID>			INT32		</QUESTID>
	<UUID>				UINT64		</UUID>
	<UID1>				PYTHON		</UID1>
	<ENTITY_NO>			UINT32		</ENTITY_NO>
	<ENTITY_UTYPE>		UINT32		</ENTITY_UTYPE>

	<DAMAGE_TYPE>		INT32		</DAMAGE_TYPE>
	<ENMITY>			DAMAGE_TYPE	 </ENMITY>
	<HP>				INT32		</HP>
	<MP>				INT32		</MP>
	<MONEY>			UINT64		</MONEY>
	<CHARM>			UINT64		</CHARM>
	<FAME>			UINT64		</FAME>
	<DIAMOND>			UINT64		</DIAMOND>
	<COUNT>			INT32		</COUNT>

	<ENTITY_STATE> INT8		</ENTITY_STATE>
	<ENTITY_SUBSTATE> UINT8	</ENTITY_SUBSTATE>
	<ENTITY_FORBIDS> INT32	</ENTITY_FORBIDS>
	<ENTITY_FORBID_COUNTER> ARRAY <of> INT8 </of>	</ENTITY_FORBID_COUNTER>

	<ACHIEVEMENT_LIST> ARRAY <of> UINT32 </of>	</ACHIEVEMENT_LIST>
	<ENTITYID_LIST> ARRAY <of> ENTITY_ID </of>	</ENTITYID_LIST>
	<UINT32_ARRAY> ARRAY <of> UINT32 </of>	</UINT32_ARRAY>
	<UINT64_ARRAY> ARRAY <of> UINT64 </of>	</UINT64_ARRAY>
	<UUID_ARRAY> ARRAY <of> UUID </of>	</UUID_ARRAY>
	<UID_ARRAY> ARRAY <of> UID </of>	</UID_ARRAY>
	<UUID_ARRAY_ARRAY> ARRAY <of> UUID_ARRAY </of>	</UUID_ARRAY_ARRAY>
	<UINT8_ARRAY> ARRAY <of> UINT8 </of>	</UINT8_ARRAY>
	<INT8_ARRAY> ARRAY <of> INT8 </of>	</INT8_ARRAY>
	<INT32_ARRAY> ARRAY <of> INT32 </of>	</INT32_ARRAY>
	<INT32_ARRAY_ARRAY> ARRAY <of> INT32_ARRAY </of>	</INT32_ARRAY_ARRAY>
	<INT64_ARRAY> ARRAY <of> INT64 </of>	</INT64_ARRAY>
	<INT64_ARRAY_ARRAY> ARRAY <of> INT64_ARRAY </of>	</INT64_ARRAY_ARRAY>
	<DBID_ARRAY> ARRAY <of> DBID </of>	</DBID_ARRAY>
	<UINT32_ARRAY_ARRAY> ARRAY <of> UINT32_ARRAY </of>	</UINT32_ARRAY_ARRAY>
	<FLOAT_ARRAY> ARRAY <of> FLOAT </of> 	</FLOAT_ARRAY>
	<DOUBLE_ARRAY> ARRAY <of> DOUBLE </of> 	</DOUBLE_ARRAY>
	<UNICODE_ARRAY> ARRAY <of> UNICODE </of> 	</UNICODE_ARRAY>
	<STRING_ARRAY> ARRAY <of> STRING </of> 	</STRING_ARRAY>
	<DICT_ARRAY> ARRAY <of> PY_DICT </of> 	</DICT_ARRAY>
	<UINT8_ARRAY_ARRAY> ARRAY <of> UINT8_ARRAY </of>	</UINT8_ARRAY_ARRAY>

	<CHARACTER_INFO>	FIXED_DICT
		<Properties>
			<dbid>
				<Type>	DBID	</Type>
			</dbid>
			<uuid>
				<Type>	UUID	</Type>
			</uuid>
			<name>
				<Type>	UNICODE	</Type>
			</name>
			<characterType>
				<Type>	UINT8	</Type>
			</characterType>
		</Properties>
	</CHARACTER_INFO>
	<CHARACTER_INFO_LIST>		ARRAY <of> CHARACTER_INFO </of>	</CHARACTER_INFO_LIST>

	<AVATAR_INFO>	FIXED_DICT
		<Properties>
			<uuid>
				<Type>	UUID	</Type>
			</uuid>
			<uid>
				<Type>	UINT32	</Type>
			</uid>
			<ip>
				<Type> UNICODE 	</Type>
			</ip>
		</Properties>
	</AVATAR_INFO>
	<AVATAR_INFO_LIST>	ARRAY <of> AVATAR_INFO </of>	</AVATAR_INFO_LIST>

	<SIMPLEMESSAGE_INFO> FIXED_DICT
		<Properties>
			<title>
				<Type> UNICODE </Type>
			</title>
			<info>
				<Type> UNICODE </Type>
			</info>
		</Properties>
	</SIMPLEMESSAGE_INFO>

	<ITEM_INFO> FIXED_DICT
		<Properties>
			<itemId>
				<Type> UINT32 </Type>
			</itemId>
			<count>
				<Type> COUNT </Type>
			</count>
		</Properties>
	</ITEM_INFO>
	<ITEM_INFO_LIST> ARRAY <of> ITEM_INFO </of> </ITEM_INFO_LIST>

	<MAIL_INFO> FIXED_DICT
		<Properties>
			<mid>
				<Type> UUID </Type>
			</mid>
			<type>
				<Type> UINT32 </Type>
			</type>
			<time>
				<Type> DOUBLE </Type>
			</time>
			<content>
				<Type> SIMPLEMESSAGE_INFO </Type>
			</content>
			<from>
				<Type> UNICODE </Type>
			</from>
			<attachment>
				<Type> ITEM_INFO_LIST </Type>
			</attachment>
		</Properties>
	</MAIL_INFO>
	<MAIL_LIST> ARRAY <of> MAIL_INFO </of> 	</MAIL_LIST>

	<GIFT_INFO> FIXED_DICT
		<Properties>
			<gid>
				<Type> UUID </Type>
			</gid>
			<time>
				<Type> DOUBLE </Type>
			</time>
		</Properties>
	</GIFT_INFO>
	<GIFT_LIST> ARRAY <of> GIFT_INFO </of> 	</GIFT_LIST>

	<FRIEND_AVATAR_INFO> FIXED_DICT
		<Properties>
			<uuid>
				<Type>	UUID  </Type>
			</uuid>
			<name>
				<Type>	UNICODE	</Type>
			</name>
			<curPower>
				<Type> UINT32 </Type>
			</curPower>
			<vipLevel>
				<Type> UINT32 </Type>
			</vipLevel>
		</Properties>
	</FRIEND_AVATAR_INFO>
	<FRIEND_AVATAR_INFO_LIST> ARRAY <of> FRIEND_AVATAR_INFO </of> </FRIEND_AVATAR_INFO_LIST>

	<FRIEND_GIFT_INFO> FIXED_DICT
		<Properties>
			<uuid>
				<Type> UUID </Type>
			</uuid>
			<giftInfo>
				<Type>	GIFT_INFO  </Type>
			</giftInfo>
			<friendInfo>
				<Type> FRIEND_AVATAR_INFO </Type>
			</friendInfo>
			<isFriend>
				<Type> UINT8 </Type>
			</isFriend>
			<isCanSendGift>
				<Type> UINT8 </Type>
			</isCanSendGift>
			<isRecievedGift>
				<Type> UINT8 </Type>
			</isRecievedGift>
		</Properties>
	</FRIEND_GIFT_INFO>
	<FRIEND_GIFT_INFO_LIST> ARRAY <of> FRIEND_GIFT_INFO </of> </FRIEND_GIFT_INFO_LIST>

	<CHAT_INFO> FIXED_DICT
		<Properties>
			<mid>
				<Type> UINT32 </Type>
			</mid>
			<uuid>
				<Type> UUID </Type>
			</uuid>
			<name>
				<Type> UNICODE </Type>
			</name>
			<characterNum>
				<Type> UINT8 </Type>
			</characterNum>
			<time>
				<Type> DOUBLE </Type>
			</time>
			<content>
				<Type> UNICODE </Type>
			</content>
			<response>
				<Type> UNICODE_ARRAY </Type>
			</response>
		</Properties>
	</CHAT_INFO>
	<CHAT_INFO_LIST> ARRAY <of> CHAT_INFO </of> </CHAT_INFO_LIST>

	<INIT_PLAYER_INFO> FIXED_DICT
		<Properties>
			<head_icon>
				<Type>	STRING	</Type>
			</head_icon>
			<nickname>
				<Type>	UNICODE	</Type>
			</nickname>
			<sex>
				<Type>	UINT8 </Type>
			</sex>
			<idx>
				<Type> INT8 </Type>
			</idx>
			<userId>
				<Type> UINT32 </Type>
			</userId>
			<uuid>
				<Type> UUID </Type>
			</uuid>
			<online>
				<Type> INT8 </Type>
			</online>
			<ip>
				<Type> STRING </Type>
			</ip>
			<location>
				<Type> UNICODE </Type>
			</location>
			<lat>
				<Type> STRING </Type>
			</lat>
			<lng>
				<Type> STRING </Type>
			</lng>
			<is_creator>
				<Type> UINT8 </Type>
			</is_creator>>
		</Properties>
	</INIT_PLAYER_INFO>
	<INIT_PLAYER_INFO_LIST>	 ARRAY <of> INIT_PLAYER_INFO </of>	</INIT_PLAYER_INFO_LIST>
	<PLAYER_INFO>	FIXED_DICT
		<Properties>
			<head_icon>
				<Type>	STRING	</Type>
			</head_icon>
			<nickname>
				<Type>	UNICODE	</Type>
			</nickname>
			<sex>
				<Type> UINT8 </Type>
			</sex>
			<idx>
				<Type> INT8 </Type>
			</idx>
			<score>
				<Type> INT32 </Type>
			</score>
			<tiles>
				<Type> UINT32_ARRAY 	</Type>
			</tiles>
			<discard_tiles>
				<Type> UINT32_ARRAY 	</Type>
			</discard_tiles>
		</Properties>
	</PLAYER_INFO>
	<PLAYER_INFO_LIST>	 ARRAY <of> PLAYER_INFO </of>	</PLAYER_INFO_LIST>

	<ROUND_PLAYER_INFO> FIXED_DICT
		<Properties>
			<idx>
				<Type> INT8 </Type>
			</idx>
			<tiles>
				<Type> UINT32_ARRAY 	</Type>
			</tiles>
			<wreaths>
				<Type> UINT32_ARRAY 	</Type>
			</wreaths>
			<concealed_kong>
				<Type>	UINT32_ARRAY	</Type>
			</concealed_kong>
			<score>
				<Type> INT32 </Type>
			</score>
			<total_score>
				<Type> INT32 </Type>
			</total_score>
		</Properties>
	</ROUND_PLAYER_INFO>
	<ROUND_PLAYER_INFO_LIST>	ARRAY <of> ROUND_PLAYER_INFO </of> </ROUND_PLAYER_INFO_LIST>

	<FINAL_PLAYER_INFO> FIXED_DICT
		<Properties>
			<idx>
				<Type> INT8 </Type>
			</idx>
			<win_times>
				<Type>	UINT8	</Type>
			</win_times>
			<exposed_kong>
				<Type> UINT32 </Type>
			</exposed_kong>
			<concealed_kong>
				<Type> UINT32 </Type>
			</concealed_kong>
			<continue_kong>
				<Type> UINT32 </Type>
			</continue_kong>
			<pong_times>
				<Type> UINT32 </Type>
			</pong_times>
			<score>
				<Type> INT32 	</Type>
			</score>
		</Properties>
	</FINAL_PLAYER_INFO>
	<FINAL_PLAYER_INFO_LIST>	ARRAY <of> FINAL_PLAYER_INFO </of> </FINAL_PLAYER_INFO_LIST>


	<SIMPLE_PLAYER_INFO> FIXED_DICT
		<Properties>
			<head_icon>
				<Type>	STRING	</Type>
			</head_icon>
			<nickname>
				<Type>	UNICODE	</Type>
			</nickname>
			<uuid>
				<Type> UUID </Type>
			</uuid>
			<sex>
				<Type> UINT8 </Type>
			</sex>
			<score>
				<Type> INT32 </Type>
			</score>
			<userId>
				<Type> UINT32 </Type>
			</userId>
		</Properties>
	</SIMPLE_PLAYER_INFO>
	<SIMPLE_PLAYER_INFO_LIST>	ARRAY <of> SIMPLE_PLAYER_INFO </of> </SIMPLE_PLAYER_INFO_LIST>

    <CLUB_PLAYER_INFO> FIXED_DICT
		<Properties>
			<nickname>
				<Type>	UNICODE	</Type>
			</nickname>
			<idx>
				<Type> INT8 </Type>
			</idx>
			<score>
				<Type> INT32 </Type>
			</score>
			<userId>
				<Type> UINT32 </Type>
			</userId>
		</Properties>
	</CLUB_PLAYER_INFO>
	<CLUB_PLAYER_INFO_LIST>	ARRAY <of> CLUB_PLAYER_INFO </of> </CLUB_PLAYER_INFO_LIST>

    <CLUB_ROOM_RESULT> FIXED_DICT
		<Properties>
			<roomID>
				<Type>	UINT32 </Type>
			</roomID>
			<time>
				<Type>	UINT32 </Type>
			</time>
            <player_info_list>
				<Type>	CLUB_PLAYER_INFO_LIST </Type>
			</player_info_list>
        </Properties>
    </CLUB_ROOM_RESULT>
    <CLUB_ROOM_RESULT_ARRAY> ARRAY <of> CLUB_ROOM_RESULT </of> </CLUB_ROOM_RESULT_ARRAY>

	<INIT_ROOM_INFO> FIXED_DICT
		<Properties>
			<roomID>
				<Type>	UINT32 </Type>
			</roomID>
			<ownerId>
				<Type>	UINT32 </Type>
			</ownerId>
			<roomType>
				<Type> UINT8 </Type>
			</roomType>
			<dealerIdx>
				<Type>	INT8 </Type>
			</dealerIdx>
			<curRound>
				<Type> UINT32 </Type>
			</curRound>
			<maxRound>
				<Type> UINT32 </Type>
			</maxRound>
			<player_num>
				<Type> UINT8 </Type>
			</player_num>
			<king_num>
				<Type> UINT8 </Type>
			</king_num>
			<pay_mode>
				<Type> UINT8 </Type>
			</pay_mode>
			<game_mode>
				<Type> UINT8 </Type>
			</game_mode>
			<max_lose>
				<Type>	UINT32 </Type>
			</max_lose>
			<lucky_num>
				<Type>	UINT32 </Type>
			</lucky_num>
			<discard_seconds>
				<Type>	UINT32 </Type>
			</discard_seconds>
			<hand_prepare>
				<Type>	UINT32 </Type>
			</hand_prepare>
			<club_id>
				<Type>	UINT32 </Type>
			</club_id>
			<player_base_info_list>
				<Type>	INIT_PLAYER_INFO_LIST </Type>
			</player_base_info_list>
			<player_state_list>
				<Type> UINT8_ARRAY </Type>
			</player_state_list>
		</Properties>
	</INIT_ROOM_INFO>

	<ROOM_INFO> FIXED_DICT
		<Properties>
			<roomID>
				<Type>	UINT32 </Type>
			</roomID>
			<player_info_list>
				<Type>	PLAYER_INFO_LIST </Type>
			</player_info_list>
		</Properties>
	</ROOM_INFO>

	<ROUND_ROOM_INFO> FIXED_DICT
		<Properties>
			<win_op>
				<Type> INT32 </Type>
			</win_op>
			<win_idx>
				<Type> INT8 </Type>
			</win_idx>
			<left_tiles>
				<Type> UINT32_ARRAY </Type>
			</left_tiles>
			<lucky_tiles>
				<Type> UINT32_ARRAY </Type>
			</lucky_tiles>
			<finalTile>
				<Type> UINT32 </Type>
			</finalTile>
			<from_idx>
				<Type> INT8 </Type>
			</from_idx>
			<dealer_idx>
				<Type> INT8 </Type>
			</dealer_idx>
			<result_list>
				<Type> UINT8_ARRAY </Type>
			</result_list>
			<player_info_list>
				<Type>	ROUND_PLAYER_INFO_LIST </Type>
			</player_info_list>
		</Properties>
	</ROUND_ROOM_INFO>

	<PLAYER_ROUND_RECORD> FIXED_DICT
		<Properties>
			<userID>
				<Type>	UINT32	</Type>
			</userID>
			<score>
				<Type> INT32 	</Type>
			</score>
		</Properties>
	</PLAYER_ROUND_RECORD>
	<PLAYER_RECORD_LIST> ARRAY <of> PLAYER_ROUND_RECORD </of> </PLAYER_RECORD_LIST>

	<BASIC_USER_INFO> FIXED_DICT
		<Properties>
			<userID>
				<Type>	UINT32	</Type>
			</userID>
			<nickname>
				<Type>	UNICODE	</Type>
			</nickname>
		</Properties>
	</BASIC_USER_INFO>

	<ROUND_RESULT_DICT> FIXED_DICT
		<Properties>
			<date>
				<Type>	STRING	</Type>
			</date>
			<time>
				<Type>	STRING	</Type>
			</time>
			<round_record>
				<Type> PLAYER_RECORD_LIST </Type>
			</round_record>
			<recordId>
				<Type> UINT32 </Type>
			</recordId>
		</Properties>
	</ROUND_RESULT_DICT>

	<ROUND_RECORD_DICT> FIXED_DICT
		<Properties>
			<maxRound>
				<Type> UINT32 </Type>
			</maxRound>
			<roomID>
				<Type> UINT32 </Type>
			</roomID>
			<user_info_list>
				<Type> ARRAY <of> BASIC_USER_INFO </of> </Type>
			</user_info_list>
			<round_result>
				<Type> ARRAY <of> ROUND_RESULT_DICT </of> </Type>
			</round_result>
		</Properties>
	</ROUND_RECORD_DICT>

	<GAME_RECORD_LIST> ARRAY <of> ROUND_RECORD_DICT </of> </GAME_RECORD_LIST>

	<USER_INFO> FIXED_DICT
		<Properties>
			<nickname>
				<Type> UNICODE </Type>
			</nickname>
			<head_icon>
				<Type> STRING </Type>
			</head_icon>
			<sex>
				<Type> UINT8 </Type>
			</sex>
			<isAgent>
				<Type> UINT8 </Type>
			</isAgent>
			<location>
				<Type> UNICODE </Type>
			</location>
			<lat>
				<Type> STRING </Type>
			</lat>
			<lng>
				<Type> STRING </Type>
			</lng>
		</Properties>
	</USER_INFO>

	<SIMPLE_USER_INFO>	FIXED_DICT
		<Properties>
			<userId>
				<Type>	UINT32	</Type>
			</userId>
			<sex>
				<Type>	UINT8 </Type>
			</sex>
			<name>
				<Type>	UNICODE	</Type>
			</name>
			<head_icon>
				<Type>	UNICODE	</Type>
			</head_icon>
		</Properties>
	</SIMPLE_USER_INFO>

	<OP_INFO> FIXED_DICT
		<Properties>
			<opId>
				<Type> UINT8 </Type>
			</opId>
			<tiles>
				<Type> UINT32_ARRAY </Type>
			</tiles>
			<fromIdx>
				<Type> UINT8 </Type>
			</fromIdx>
		</Properties>
	</OP_INFO>
	<OP_INFO_LIST> ARRAY <of> OP_INFO </of> </OP_INFO_LIST>
	<REC_PLAYER_INFO> FIXED_DICT
		<Properties>
			<score>
				<Type> INT32 </Type>
			</score>
			<total_score>
				<Type> INT32 </Type>
			</total_score>
			<tiles>
				<Type> UINT32_ARRAY </Type>
			</tiles>
			<wreaths>
				<Type> UINT32_ARRAY </Type>
			</wreaths>
			<wind>
				<Type> UINT8 </Type>
			</wind>
			<discard_tiles>
				<Type> UINT32_ARRAY </Type>
			</discard_tiles>
			<cut_idxs>
				<Type> UINT32_ARRAY </Type>
			</cut_idxs>
			<op_list>
				<Type> OP_INFO_LIST </Type>
			</op_list>
			<final_op>
				<Type> INT32       </Type>
			</final_op>
		</Properties>
	</REC_PLAYER_INFO>
	<REC_PLAYER_INFO_LIST> ARRAY <of> REC_PLAYER_INFO </of> </REC_PLAYER_INFO_LIST>
	<REC_ROOM_INFO> FIXED_DICT
		<Properties>
			<init_info>
				<Type> INIT_ROOM_INFO </Type>
			</init_info>
			<curPlayerSitNum>
				<Type> INT8 </Type>
			</curPlayerSitNum>
			<room_state>
				<Type> UINT8 </Type>
			</room_state>
			<player_state_list>
				<Type> UINT8_ARRAY </Type>
			</player_state_list>
			<lastDiscardTile>
				<Type> INT32 </Type>
			</lastDiscardTile>
			<lastDrawTile>
				<Type> INT32 </Type>
			</lastDrawTile>
			<last_op>
				<Type> INT32 </Type>
			</last_op>
			<lastDiscardTileFrom>
				<Type> INT8 </Type>
			</lastDiscardTileFrom>
			<kingTiles>
				<Type> UINT32_ARRAY </Type>
			</kingTiles>
			<waitAidList>
				<Type> INT8_ARRAY </Type>
			</waitAidList>
			<leftTileNum>
				<Type> UINT32 </Type>
			</leftTileNum>
			<applyCloseFrom>
				<Type> INT8 </Type>
			</applyCloseFrom>
			<applyCloseLeftTime>
				<Type> INT32 </Type>
			</applyCloseLeftTime>
			<applyCloseStateList>
				<Type> INT8_ARRAY </Type>
			</applyCloseStateList>
			<player_advance_info_list>
				<Type> REC_PLAYER_INFO_LIST </Type>
			</player_advance_info_list>
			<prevailing_wind>
				<Type>	UINT8 </Type>
			</prevailing_wind>
			<discardStateList>
				<Type>	UINT8_ARRAY </Type>
			</discardStateList>
			<waitTimeLeft>
				<Type>	INT32 </Type>
			</waitTimeLeft>
		</Properties>
	</REC_ROOM_INFO>
	<CREATE_ROOM_DICT> FIXED_DICT
		<Properties>
			<game_mode>
				<Type>  UINT8 	</Type>
			</game_mode>
			<max_lose>
				<Type> UINT32  </Type>
			</max_lose>
			<lucky_num>
				<Type> INT8  </Type>
			</lucky_num>
			<discard_seconds>
				<Type> INT8  </Type>
			</discard_seconds>
			<game_round>
				<Type> UINT32  </Type>
			</game_round>
			<hand_prepare>
				<Type> UINT8  </Type>
			</hand_prepare>
			<pay_mode>
				<Type> UINT8  </Type>
			</pay_mode>
			<room_type>
				<Type> UINT8  </Type>
			</room_type>
		</Properties>
	</CREATE_ROOM_DICT>

	<CLUB_OWNER_INFO> FIXED_DICT
		<Properties>
			<userId>
				<Type> 	UINT32  </Type>
			</userId>
			<uuid>
				<Type> UUID </Type>
			</uuid>
			<sex>
				<Type>	UINT8 </Type>
			</sex>
			<nickname>
				<Type> UNICODE	</Type>
			</nickname>
			<head_icon>
				<Type> UNICODE 	</Type>
			</head_icon>
			<accountName>
				<Type>	UNICODE </Type>
			</accountName>
		</Properties>
	</CLUB_OWNER_INFO>

	<CLUB_ABSTRACT_INFO> FIXED_DICT
		<Properties>
			<club_id>
				<Type> UINT32  </Type>
			</club_id>
			<club_name>
				<Type> UNICODE  </Type>
			</club_name>
			<owner>
				<Type>	CLUB_OWNER_INFO		</Type>
			</owner>
			<game_type>
				<Type>  UINT32 </Type>
			</game_type>
			<room_type>
				<Type>  CREATE_ROOM_DICT </Type>
			</room_type>
		</Properties>
	</CLUB_ABSTRACT_INFO>
	<CLUB_ABSTRACT_INFO_LIST> ARRAY <of> CLUB_ABSTRACT_INFO </of> </CLUB_ABSTRACT_INFO_LIST>

	<CLUB_DETAIL_INFO> FIXED_DICT
		<Properties>
			<club_id>
				<Type> UINT32  </Type>
			</club_id>
			<member_num>
				<Type> UINT32  </Type>
			</member_num>
			<club_name>
				<Type> UNICODE  </Type>
			</club_name>
			<club_notice>
				<Type> UNICODE  </Type>
			</club_notice>
			<game_type>
				<Type>  UINT32 </Type>
			</game_type>
			<room_type>
				<Type>  CREATE_ROOM_DICT </Type>
			</room_type>
			<owner>
				<Type>	CLUB_OWNER_INFO		</Type>
			</owner>
			<table_info_list>
				<Type> UINT8_ARRAY  </Type>
			</table_info_list>
		</Properties>
	</CLUB_DETAIL_INFO>
	<CLUB_DETAIL_INFO_LIST> ARRAY <of> CLUB_DETAIL_INFO </of> </CLUB_DETAIL_INFO_LIST>

	<CLUB_MEMBER_INFO> FIXED_DICT
		<Properties>
			<userId>
				<Type> UINT32  </Type>
			</userId>
			<uuid>
				<Type> UUID </Type>
			</uuid>
			<sex>
				<Type>	UINT8 </Type>
			</sex>
			<nickname>
				<Type>	UNICODE	</Type>
			</nickname>
			<head_icon>
				<Type> UNICODE  </Type>
			</head_icon>
			<notes>
				<Type> UNICODE  </Type>
			</notes>
			<ts>
				<Type> UINT32  </Type>
			</ts>
		</Properties>
	</CLUB_MEMBER_INFO>
	<CLUB_MEMBER_INFO_ARRAY> ARRAY <of> CLUB_MEMBER_INFO </of> </CLUB_MEMBER_INFO_ARRAY>

	<CLUB_MEMBER_INFO_DICT> FIXED_DICT
		<implementedBy> CLUB_MEMBER_INFO_DICT_PICKLER.inst </implementedBy>
		<Properties>
			<values>
				<Type> ARRAY <of> CLUB_MEMBER_INFO </of> </Type>
			</values>
		</Properties>
	</CLUB_MEMBER_INFO_DICT>

	<CLUB_APPLICANT_INFO> FIXED_DICT
		<Properties>
			<userId>
				<Type> UINT32  </Type>
			</userId>
			<uuid>
				<Type> UUID </Type>
			</uuid>
			<sex>
				<Type>	UINT8 </Type>
			</sex>
			<nickname>
				<Type>	UNICODE	</Type>
			</nickname>
			<head_icon>
				<Type> UNICODE  </Type>
			</head_icon>
			<ts>
				<Type> UINT32  </Type>
			</ts>
		</Properties>
	</CLUB_APPLICANT_INFO>
	<CLUB_APPLICANT_INFO_ARRAY> ARRAY <of> CLUB_APPLICANT_INFO </of> </CLUB_APPLICANT_INFO_ARRAY>

	<CLUB_APPLICANT_INFO_DICT> FIXED_DICT
		<implementedBy> CLUB_APPLICANT_INFO_DICT_PICKLER.inst </implementedBy>
		<Properties>
			<values>
				<Type> ARRAY <of> CLUB_APPLICANT_INFO </of> </Type>
			</values>
		</Properties>
	</CLUB_APPLICANT_INFO_DICT>

	<TABLE_DETAIL_INFO> FIXED_DICT
		<Properties>
			<game_type>
				<Type>	UINT32 </Type>
			</game_type>
			<room_params>
				<Type>	UNICODE </Type>
			</room_params>
            <seat_info>
				<Type>	SIMPLE_PLAYER_INFO_LIST </Type>
			</seat_info>
        </Properties>
    </TABLE_DETAIL_INFO>

</root>