<root>
	<!--
		实体注册文件(<你的资产库>/scripts/entities.xml)
		详细说明请参考：http://kbengine.org/cn/docs/configuration/entities.html
					http://www.kbengine.org/cn/docs/programming/entitydef.html
	-->

	<!-- <Avatar/> -->
	<Account hasClient="true"></Account><!-- <Account hasCell="true" hasBase="true" hasClient="true"></Account> -->
	<Avatar  hasCell="true" hasBase="true" hasClient="true"></Avatar>
	<GXMJ_Room hasCell="true" hasBase="true"></GXMJ_Room>
	<AsyncRequest hasBase="true"></AsyncRequest>
	<ClubStub hasBase="true"></ClubStub>
	<Club hasBase="true"></Club>
	<GameWorld/>
</root>