{
  "ID": "6640a3ac-89d8-4861-8711-f5ee30165666",
  "Version": "3.10.0.0",
  "Name": "jianfen",
  "Content": {
    "Content": {
      "Animation": {
        "Duration": 50,
        "Speed": 1.0,
        "Timelines": [
          {
            "ActionTag": 1688305727,
            "Property": "Position",
            "Frames": [
              {
                "X": -353.1499,
                "Y": 174.2069,
                "FrameIndex": 0,
                "EasingData": {
                  "Type": 0
                },
                "ctype": "PointFrameData"
              },
              {
                "X": 0,
                "Y": 0,
                "FrameIndex": 25,
                "EasingData": {
                  "Type": 0
                },
                "ctype": "PointFrameData"
              },
              {
                "X": 0,
                "Y": 0,
                "FrameIndex": 35,
                "EasingData": {
                  "Type": 0
                },
                "ctype": "PointFrameData"
              },
              {
                "X": 0,
                "Y": 0,
                "FrameIndex": 50,
                "EasingData": {
                  "Type": 0
                },
                "ctype": "PointFrameData"
              }
            ],
            "ctype": "TimelineData"
          },
          {
            "ActionTag": 1688305727,
            "Property": "Scale",
            "Frames": [
              {
                "X": 0.7,
                "Y": 0.7,
                "FrameIndex": 0,
                "EasingData": {
                  "Type": 0
                },
                "ctype": "ScaleValueFrameData"
              },
              {
                "X": 1.0,
                "Y": 1.0,
                "FrameIndex": 25,
                "EasingData": {
                  "Type": 0
                },
                "ctype": "ScaleValueFrameData"
              },
              {
                "X": 1.0,
                "Y": 1.0,
                "FrameIndex": 35,
                "EasingData": {
                  "Type": 0
                },
                "ctype": "ScaleValueFrameData"
              },
              {
                "X": 1.0,
                "Y": 1.0,
                "FrameIndex": 50,
                "EasingData": {
                  "Type": 0
                },
                "ctype": "ScaleValueFrameData"
              }
            ],
            "ctype": "TimelineData"
          },
          {
            "ActionTag": 1688305727,
            "Property": "RotationSkew",
            "Frames": [
              {
                "X": 0.0,
                "Y": 0.0,
                "FrameIndex": 0,
                "EasingData": {
                  "Type": 0
                },
                "ctype": "ScaleValueFrameData"
              },
              {
                "X": 0.0,
                "Y": 0.0,
                "FrameIndex": 25,
                "EasingData": {
                  "Type": 0
                },
                "ctype": "ScaleValueFrameData"
              },
              {
                "X": 0.0,
                "Y": 0.0,
                "FrameIndex": 35,
                "EasingData": {
                  "Type": 0
                },
                "ctype": "ScaleValueFrameData"
              },
              {
                "X": 0.0,
                "Y": 0.0,
                "FrameIndex": 50,
                "EasingData": {
                  "Type": 0
                },
                "ctype": "ScaleValueFrameData"
              }
            ],
            "ctype": "TimelineData"
          },
          {
            "ActionTag": 1688305727,
            "Property": "Alpha",
            "Frames": [
              {
                "Value": 0,
                "FrameIndex": 0,
                "EasingData": {
                  "Type": 0
                },
                "ctype": "IntFrameData"
              },
              {
                "Value": 255,
                "FrameIndex": 25,
                "EasingData": {
                  "Type": 0
                },
                "ctype": "IntFrameData"
              },
              {
                "Value": 255,
                "FrameIndex": 35,
                "EasingData": {
                  "Type": 0
                },
                "ctype": "IntFrameData"
              },
              {
                "Value": 25,
                "FrameIndex": 50,
                "EasingData": {
                  "Type": 0
                },
                "ctype": "IntFrameData"
              }
            ],
            "ctype": "TimelineData"
          }
        ],
        "ctype": "TimelineActionData"
      },
      "AnimationList": [],
      "ObjectData": {
        "Tag": 64,
        "Children": [
          {
            "FileData": {
              "Type": "MarkedSubImage",
              "Path": "da7TeXiao/fen.png",
              "Plist": "da7TeXiao.plist"
            },
            "BlendFunc": {
              "Src": 1,
              "Dst": 771
            },
            "AnchorPoint": {
              "ScaleX": 0.5,
              "ScaleY": 0.5
            },
            "Position": {
              "X": 0.0,
              "Y": 0.0
            },
            "Scale": {
              "ScaleX": 0.808,
              "ScaleY": 0.808
            },
            "CColor": {},
            "IconVisible": false,
            "PrePosition": {
              "X": 0.0,
              "Y": 0.0
            },
            "PreSize": {
              "X": 0.0,
              "Y": 0.0
            },
            "LeftMargin": -26.5,
            "RightMargin": -26.5,
            "TopMargin": -27.0,
            "BottomMargin": -27.0,
            "Tag": 67,
            "Children": [
              {
                "LabelText": "-30",
                "LabelBMFontFile_CNB": {
                  "Type": "Normal",
                  "Path": "shuz3.fnt",
                  "Plist": ""
                },
                "AnchorPoint": {
                  "ScaleX": 0.5,
                  "ScaleY": 0.5
                },
                "Position": {
                  "X": -48.6507,
                  "Y": 32.4215
                },
                "Scale": {
                  "ScaleX": 1.0,
                  "ScaleY": 1.0
                },
                "CColor": {},
                "IconVisible": false,
                "PrePosition": {
                  "X": -0.9179,
                  "Y": 0.6004
                },
                "PreSize": {
                  "X": 1.9245,
                  "Y": 0.5926
                },
                "LeftMargin": -99.6507,
                "RightMargin": 50.6507,
                "TopMargin": 5.5785,
                "BottomMargin": 16.4215,
                "Tag": 66,
                "ActionTag": -860245150,
                "Size": {
                  "X": 102.0,
                  "Y": 32.0
                },
                "Name": "BitmapFontLabel_1",
                "ctype": "TextBMFontObjectData"
              }
            ],
            "ActionTag": 1688305727,
            "Size": {
              "X": 53.0,
              "Y": 54.0
            },
            "Alpha": 91,
            "Name": "fen_2",
            "ctype": "SpriteObjectData"
          }
        ],
        "Size": {
          "X": 0.0,
          "Y": 0.0
        },
        "Name": "Node",
        "ctype": "SingleNodeObjectData"
      },
      "UsedResources": [
        "da7TeXiao.plist",
        "da7TeXiao.png",
        "shuz3.fnt",
        "shuz3_0.png"
      ],
      "ctype": "GameFileData"
    }
  },
  "Type": "Node"
}