{
  "ID": "3664ea22-36c7-46d1-8a2c-5031823a2c8f",
  "Version": "3.10.0.0",
  "Name": "popai",
  "Content": {
    "Content": {
      "Animation": {
        "Duration": 55,
        "Speed": 1.0,
        "Timelines": [
          {
            "ActionTag": 186648026,
            "Property": "Position",
            "Frames": [
              {
                "X": 0.4189,
                "Y": 46.4959,
                "FrameIndex": 30,
                "EasingData": {
                  "Type": 0
                },
                "ctype": "PointFrameData"
              },
              {
                "X": 0.4189,
                "Y": 46.4959,
                "FrameIndex": 31,
                "EasingData": {
                  "Type": 0
                },
                "ctype": "PointFrameData"
              },
              {
                "X": 0.4189,
                "Y": 46.4959,
                "FrameIndex": 43,
                "EasingData": {
                  "Type": 0
                },
                "ctype": "PointFrameData"
              },
              {
                "X": 0.4189,
                "Y": 46.4959,
                "FrameIndex": 55,
                "EasingData": {
                  "Type": 0
                },
                "ctype": "PointFrameData"
              }
            ],
            "ctype": "TimelineData"
          },
          {
            "ActionTag": 186648026,
            "Property": "Scale",
            "Frames": [
              {
                "X": 1.0,
                "Y": 1.0,
                "FrameIndex": 30,
                "EasingData": {
                  "Type": 0
                },
                "ctype": "ScaleValueFrameData"
              },
              {
                "X": 1.0,
                "Y": 1.0,
                "FrameIndex": 31,
                "EasingData": {
                  "Type": 0
                },
                "ctype": "ScaleValueFrameData"
              },
              {
                "X": 1.0,
                "Y": 1.0,
                "FrameIndex": 43,
                "EasingData": {
                  "Type": 0
                },
                "ctype": "ScaleValueFrameData"
              },
              {
                "X": 1.0,
                "Y": 1.0,
                "FrameIndex": 55,
                "EasingData": {
                  "Type": 0
                },
                "ctype": "ScaleValueFrameData"
              }
            ],
            "ctype": "TimelineData"
          },
          {
            "ActionTag": 186648026,
            "Property": "RotationSkew",
            "Frames": [
              {
                "X": 0.0,
                "Y": 0.0,
                "FrameIndex": 30,
                "EasingData": {
                  "Type": 0
                },
                "ctype": "ScaleValueFrameData"
              },
              {
                "X": 0.0,
                "Y": 0.0,
                "FrameIndex": 31,
                "EasingData": {
                  "Type": 0
                },
                "ctype": "ScaleValueFrameData"
              },
              {
                "X": 0.0,
                "Y": 0.0,
                "FrameIndex": 43,
                "EasingData": {
                  "Type": 0
                },
                "ctype": "ScaleValueFrameData"
              },
              {
                "X": 0.0,
                "Y": 0.0,
                "FrameIndex": 55,
                "EasingData": {
                  "Type": 0
                },
                "ctype": "ScaleValueFrameData"
              }
            ],
            "ctype": "TimelineData"
          },
          {
            "ActionTag": 186648026,
            "Property": "Alpha",
            "Frames": [
              {
                "Value": 0,
                "FrameIndex": 31,
                "EasingData": {
                  "Type": 0
                },
                "ctype": "IntFrameData"
              },
              {
                "Value": 255,
                "FrameIndex": 43,
                "EasingData": {
                  "Type": 0
                },
                "ctype": "IntFrameData"
              },
              {
                "Value": 0,
                "FrameIndex": 55,
                "EasingData": {
                  "Type": 0
                },
                "ctype": "IntFrameData"
              }
            ],
            "ctype": "TimelineData"
          },
          {
            "ActionTag": 186648026,
            "Property": "VisibleForFrame",
            "Frames": [
              {
                "Value": false,
                "FrameIndex": 30,
                "Tween": false,
                "ctype": "BoolFrameData"
              },
              {
                "Value": true,
                "FrameIndex": 31,
                "Tween": false,
                "ctype": "BoolFrameData"
              }
            ],
            "ctype": "TimelineData"
          },
          {
            "ActionTag": -1402947351,
            "Property": "Position",
            "Frames": [
              {
                "X": 0.0,
                "Y": 499.0,
                "FrameIndex": 0,
                "EasingData": {
                  "Type": 0
                },
                "ctype": "PointFrameData"
              },
              {
                "X": 0.0,
                "Y": 40.0,
                "FrameIndex": 15,
                "EasingData": {
                  "Type": 0
                },
                "ctype": "PointFrameData"
              },
              {
                "X": 0.0,
                "Y": 40.0,
                "FrameIndex": 29,
                "EasingData": {
                  "Type": 0
                },
                "ctype": "PointFrameData"
              },
              {
                "X": 0.0,
                "Y": 40.0,
                "FrameIndex": 30,
                "EasingData": {
                  "Type": 0
                },
                "ctype": "PointFrameData"
              }
            ],
            "ctype": "TimelineData"
          },
          {
            "ActionTag": -1402947351,
            "Property": "Scale",
            "Frames": [
              {
                "X": 1.0,
                "Y": 1.0,
                "FrameIndex": 0,
                "EasingData": {
                  "Type": 0
                },
                "ctype": "ScaleValueFrameData"
              },
              {
                "X": 1.0,
                "Y": 1.0,
                "FrameIndex": 15,
                "EasingData": {
                  "Type": 0
                },
                "ctype": "ScaleValueFrameData"
              },
              {
                "X": 1.0,
                "Y": 1.0,
                "FrameIndex": 29,
                "EasingData": {
                  "Type": 0
                },
                "ctype": "ScaleValueFrameData"
              },
              {
                "X": 1.0,
                "Y": 1.0,
                "FrameIndex": 30,
                "EasingData": {
                  "Type": 0
                },
                "ctype": "ScaleValueFrameData"
              }
            ],
            "ctype": "TimelineData"
          },
          {
            "ActionTag": -1402947351,
            "Property": "RotationSkew",
            "Frames": [
              {
                "X": 0.0,
                "Y": 0.0,
                "FrameIndex": 0,
                "EasingData": {
                  "Type": 0
                },
                "ctype": "ScaleValueFrameData"
              },
              {
                "X": 0.0,
                "Y": 0.0,
                "FrameIndex": 15,
                "EasingData": {
                  "Type": 0
                },
                "ctype": "ScaleValueFrameData"
              },
              {
                "X": 0.0,
                "Y": 0.0,
                "FrameIndex": 29,
                "EasingData": {
                  "Type": 0
                },
                "ctype": "ScaleValueFrameData"
              },
              {
                "X": 0.0,
                "Y": 0.0,
                "FrameIndex": 30,
                "EasingData": {
                  "Type": 0
                },
                "ctype": "ScaleValueFrameData"
              }
            ],
            "ctype": "TimelineData"
          },
          {
            "ActionTag": -1402947351,
            "Property": "Alpha",
            "Frames": [
              {
                "Value": 0,
                "FrameIndex": 0,
                "EasingData": {
                  "Type": 0
                },
                "ctype": "IntFrameData"
              },
              {
                "Value": 255,
                "FrameIndex": 15,
                "EasingData": {
                  "Type": 0
                },
                "ctype": "IntFrameData"
              },
              {
                "Value": 255,
                "FrameIndex": 29,
                "EasingData": {
                  "Type": 0
                },
                "ctype": "IntFrameData"
              },
              {
                "Value": 212,
                "FrameIndex": 30,
                "EasingData": {
                  "Type": 0
                },
                "ctype": "IntFrameData"
              },
              {
                "Value": 0,
                "FrameIndex": 35,
                "EasingData": {
                  "Type": 0
                },
                "ctype": "IntFrameData"
              }
            ],
            "ctype": "TimelineData"
          },
          {
            "ActionTag": 404450951,
            "Property": "Position",
            "Frames": [
              {
                "X": 3.0013,
                "Y": 66.0002,
                "FrameIndex": 25,
                "EasingData": {
                  "Type": 0
                },
                "ctype": "PointFrameData"
              },
              {
                "X": 3.0013,
                "Y": 66.0002,
                "FrameIndex": 30,
                "EasingData": {
                  "Type": 0
                },
                "ctype": "PointFrameData"
              }
            ],
            "ctype": "TimelineData"
          },
          {
            "ActionTag": 404450951,
            "Property": "Scale",
            "Frames": [
              {
                "X": 1.0,
                "Y": 1.0,
                "FrameIndex": 25,
                "EasingData": {
                  "Type": 0
                },
                "ctype": "ScaleValueFrameData"
              }
            ],
            "ctype": "TimelineData"
          },
          {
            "ActionTag": 404450951,
            "Property": "RotationSkew",
            "Frames": [
              {
                "X": 0.0,
                "Y": 0.0,
                "FrameIndex": 25,
                "EasingData": {
                  "Type": 0
                },
                "ctype": "ScaleValueFrameData"
              }
            ],
            "ctype": "TimelineData"
          },
          {
            "ActionTag": 404450951,
            "Property": "VisibleForFrame",
            "Frames": [
              {
                "Value": false,
                "FrameIndex": 25,
                "Tween": false,
                "ctype": "BoolFrameData"
              },
              {
                "Value": true,
                "FrameIndex": 30,
                "Tween": false,
                "ctype": "BoolFrameData"
              },
              {
                "Value": false,
                "FrameIndex": 35,
                "Tween": false,
                "ctype": "BoolFrameData"
              }
            ],
            "ctype": "TimelineData"
          },
          {
            "ActionTag": 434343651,
            "Property": "Position",
            "Frames": [
              {
                "X": -9.7275,
                "Y": 72.6958,
                "FrameIndex": 30,
                "EasingData": {
                  "Type": 0
                },
                "ctype": "PointFrameData"
              },
              {
                "X": -9.7275,
                "Y": 72.6958,
                "FrameIndex": 35,
                "EasingData": {
                  "Type": 0
                },
                "ctype": "PointFrameData"
              },
              {
                "X": -9.7275,
                "Y": 72.6958,
                "FrameIndex": 40,
                "EasingData": {
                  "Type": 0
                },
                "ctype": "PointFrameData"
              }
            ],
            "ctype": "TimelineData"
          },
          {
            "ActionTag": 434343651,
            "Property": "Scale",
            "Frames": [
              {
                "X": 1.0,
                "Y": 1.0,
                "FrameIndex": 30,
                "EasingData": {
                  "Type": 0
                },
                "ctype": "ScaleValueFrameData"
              },
              {
                "X": 1.0,
                "Y": 1.0,
                "FrameIndex": 40,
                "EasingData": {
                  "Type": 0
                },
                "ctype": "ScaleValueFrameData"
              }
            ],
            "ctype": "TimelineData"
          },
          {
            "ActionTag": 434343651,
            "Property": "RotationSkew",
            "Frames": [
              {
                "X": 0.0,
                "Y": 0.0,
                "FrameIndex": 30,
                "EasingData": {
                  "Type": 0
                },
                "ctype": "ScaleValueFrameData"
              },
              {
                "X": 0.0,
                "Y": 0.0,
                "FrameIndex": 40,
                "EasingData": {
                  "Type": 0
                },
                "ctype": "ScaleValueFrameData"
              }
            ],
            "ctype": "TimelineData"
          },
          {
            "ActionTag": 434343651,
            "Property": "VisibleForFrame",
            "Frames": [
              {
                "Value": false,
                "FrameIndex": 30,
                "Tween": false,
                "ctype": "BoolFrameData"
              },
              {
                "Value": true,
                "FrameIndex": 35,
                "Tween": false,
                "ctype": "BoolFrameData"
              },
              {
                "Value": false,
                "FrameIndex": 40,
                "Tween": false,
                "ctype": "BoolFrameData"
              }
            ],
            "ctype": "TimelineData"
          },
          {
            "ActionTag": -1586639503,
            "Property": "Position",
            "Frames": [
              {
                "X": -8.9924,
                "Y": 63.9661,
                "FrameIndex": 35,
                "EasingData": {
                  "Type": 0
                },
                "ctype": "PointFrameData"
              },
              {
                "X": -8.9924,
                "Y": 63.9661,
                "FrameIndex": 40,
                "EasingData": {
                  "Type": 0
                },
                "ctype": "PointFrameData"
              },
              {
                "X": -8.9924,
                "Y": 63.9661,
                "FrameIndex": 45,
                "EasingData": {
                  "Type": 0
                },
                "ctype": "PointFrameData"
              }
            ],
            "ctype": "TimelineData"
          },
          {
            "ActionTag": -1586639503,
            "Property": "Scale",
            "Frames": [
              {
                "X": 1.0,
                "Y": 1.0,
                "FrameIndex": 35,
                "EasingData": {
                  "Type": 0
                },
                "ctype": "ScaleValueFrameData"
              },
              {
                "X": 1.0,
                "Y": 1.0,
                "FrameIndex": 45,
                "EasingData": {
                  "Type": 0
                },
                "ctype": "ScaleValueFrameData"
              }
            ],
            "ctype": "TimelineData"
          },
          {
            "ActionTag": -1586639503,
            "Property": "RotationSkew",
            "Frames": [
              {
                "X": 0.0,
                "Y": 0.0,
                "FrameIndex": 35,
                "EasingData": {
                  "Type": 0
                },
                "ctype": "ScaleValueFrameData"
              },
              {
                "X": 0.0,
                "Y": 0.0,
                "FrameIndex": 45,
                "EasingData": {
                  "Type": 0
                },
                "ctype": "ScaleValueFrameData"
              }
            ],
            "ctype": "TimelineData"
          },
          {
            "ActionTag": -1586639503,
            "Property": "VisibleForFrame",
            "Frames": [
              {
                "Value": false,
                "FrameIndex": 35,
                "Tween": false,
                "ctype": "BoolFrameData"
              },
              {
                "Value": true,
                "FrameIndex": 40,
                "Tween": false,
                "ctype": "BoolFrameData"
              },
              {
                "Value": false,
                "FrameIndex": 45,
                "Tween": false,
                "ctype": "BoolFrameData"
              }
            ],
            "ctype": "TimelineData"
          },
          {
            "ActionTag": 1375164609,
            "Property": "Position",
            "Frames": [
              {
                "X": -15.3917,
                "Y": 36.5708,
                "FrameIndex": 40,
                "EasingData": {
                  "Type": 0
                },
                "ctype": "PointFrameData"
              },
              {
                "X": -15.3917,
                "Y": 36.5708,
                "FrameIndex": 45,
                "EasingData": {
                  "Type": 0
                },
                "ctype": "PointFrameData"
              },
              {
                "X": -15.3917,
                "Y": 36.5708,
                "FrameIndex": 50,
                "EasingData": {
                  "Type": 0
                },
                "ctype": "PointFrameData"
              }
            ],
            "ctype": "TimelineData"
          },
          {
            "ActionTag": 1375164609,
            "Property": "Scale",
            "Frames": [
              {
                "X": 1.0,
                "Y": 1.0,
                "FrameIndex": 40,
                "EasingData": {
                  "Type": 0
                },
                "ctype": "ScaleValueFrameData"
              },
              {
                "X": 1.0,
                "Y": 1.0,
                "FrameIndex": 50,
                "EasingData": {
                  "Type": 0
                },
                "ctype": "ScaleValueFrameData"
              }
            ],
            "ctype": "TimelineData"
          },
          {
            "ActionTag": 1375164609,
            "Property": "RotationSkew",
            "Frames": [
              {
                "X": 0.0,
                "Y": 0.0,
                "FrameIndex": 40,
                "EasingData": {
                  "Type": 0
                },
                "ctype": "ScaleValueFrameData"
              },
              {
                "X": 0.0,
                "Y": 0.0,
                "FrameIndex": 50,
                "EasingData": {
                  "Type": 0
                },
                "ctype": "ScaleValueFrameData"
              }
            ],
            "ctype": "TimelineData"
          },
          {
            "ActionTag": 1375164609,
            "Property": "VisibleForFrame",
            "Frames": [
              {
                "Value": false,
                "FrameIndex": 40,
                "Tween": false,
                "ctype": "BoolFrameData"
              },
              {
                "Value": true,
                "FrameIndex": 45,
                "Tween": false,
                "ctype": "BoolFrameData"
              },
              {
                "Value": false,
                "FrameIndex": 50,
                "Tween": false,
                "ctype": "BoolFrameData"
              }
            ],
            "ctype": "TimelineData"
          },
          {
            "ActionTag": -1605313408,
            "Property": "Position",
            "Frames": [
              {
                "X": 15.6575,
                "Y": 47.5277,
                "FrameIndex": 45,
                "EasingData": {
                  "Type": 0
                },
                "ctype": "PointFrameData"
              },
              {
                "X": 15.6575,
                "Y": 47.5277,
                "FrameIndex": 50,
                "EasingData": {
                  "Type": 0
                },
                "ctype": "PointFrameData"
              },
              {
                "X": 15.6575,
                "Y": 47.5277,
                "FrameIndex": 55,
                "EasingData": {
                  "Type": 0
                },
                "ctype": "PointFrameData"
              }
            ],
            "ctype": "TimelineData"
          },
          {
            "ActionTag": -1605313408,
            "Property": "Scale",
            "Frames": [
              {
                "X": 1.0,
                "Y": 1.0,
                "FrameIndex": 45,
                "EasingData": {
                  "Type": 0
                },
                "ctype": "ScaleValueFrameData"
              },
              {
                "X": 1.0,
                "Y": 1.0,
                "FrameIndex": 55,
                "EasingData": {
                  "Type": 0
                },
                "ctype": "ScaleValueFrameData"
              }
            ],
            "ctype": "TimelineData"
          },
          {
            "ActionTag": -1605313408,
            "Property": "RotationSkew",
            "Frames": [
              {
                "X": 0.0,
                "Y": 0.0,
                "FrameIndex": 45,
                "EasingData": {
                  "Type": 0
                },
                "ctype": "ScaleValueFrameData"
              },
              {
                "X": 0.0,
                "Y": 0.0,
                "FrameIndex": 55,
                "EasingData": {
                  "Type": 0
                },
                "ctype": "ScaleValueFrameData"
              }
            ],
            "ctype": "TimelineData"
          },
          {
            "ActionTag": -1605313408,
            "Property": "VisibleForFrame",
            "Frames": [
              {
                "Value": false,
                "FrameIndex": 45,
                "Tween": false,
                "ctype": "BoolFrameData"
              },
              {
                "Value": true,
                "FrameIndex": 50,
                "Tween": false,
                "ctype": "BoolFrameData"
              },
              {
                "Value": false,
                "FrameIndex": 55,
                "Tween": false,
                "ctype": "BoolFrameData"
              }
            ],
            "ctype": "TimelineData"
          },
          {
            "ActionTag": -159725887,
            "Property": "Position",
            "Frames": [
              {
                "X": 4.7407,
                "Y": 51.0521,
                "FrameIndex": 34,
                "EasingData": {
                  "Type": 0
                },
                "ctype": "PointFrameData"
              },
              {
                "X": 4.7407,
                "Y": 51.0521,
                "FrameIndex": 35,
                "EasingData": {
                  "Type": 0
                },
                "ctype": "PointFrameData"
              },
              {
                "X": 4.7407,
                "Y": 51.0521,
                "FrameIndex": 45,
                "EasingData": {
                  "Type": 0
                },
                "ctype": "PointFrameData"
              },
              {
                "X": 4.7407,
                "Y": 51.0521,
                "FrameIndex": 55,
                "EasingData": {
                  "Type": 0
                },
                "ctype": "PointFrameData"
              }
            ],
            "ctype": "TimelineData"
          },
          {
            "ActionTag": -159725887,
            "Property": "Scale",
            "Frames": [
              {
                "X": 1.0,
                "Y": 1.0,
                "FrameIndex": 34,
                "EasingData": {
                  "Type": 0
                },
                "ctype": "ScaleValueFrameData"
              },
              {
                "X": 1.0,
                "Y": 1.0,
                "FrameIndex": 35,
                "EasingData": {
                  "Type": 0
                },
                "ctype": "ScaleValueFrameData"
              },
              {
                "X": 1.0,
                "Y": 1.0,
                "FrameIndex": 55,
                "EasingData": {
                  "Type": 0
                },
                "ctype": "ScaleValueFrameData"
              }
            ],
            "ctype": "TimelineData"
          },
          {
            "ActionTag": -159725887,
            "Property": "RotationSkew",
            "Frames": [
              {
                "X": 0.0,
                "Y": 0.0,
                "FrameIndex": 34,
                "EasingData": {
                  "Type": 0
                },
                "ctype": "ScaleValueFrameData"
              },
              {
                "X": 0.0,
                "Y": 0.0,
                "FrameIndex": 35,
                "EasingData": {
                  "Type": 0
                },
                "ctype": "ScaleValueFrameData"
              },
              {
                "X": 0.0,
                "Y": 0.0,
                "FrameIndex": 55,
                "EasingData": {
                  "Type": 0
                },
                "ctype": "ScaleValueFrameData"
              }
            ],
            "ctype": "TimelineData"
          },
          {
            "ActionTag": -159725887,
            "Property": "VisibleForFrame",
            "Frames": [
              {
                "Value": false,
                "FrameIndex": 34,
                "Tween": false,
                "ctype": "BoolFrameData"
              },
              {
                "Value": true,
                "FrameIndex": 35,
                "Tween": false,
                "ctype": "BoolFrameData"
              },
              {
                "Value": true,
                "FrameIndex": 45,
                "Tween": false,
                "ctype": "BoolFrameData"
              },
              {
                "Value": false,
                "FrameIndex": 55,
                "Tween": false,
                "ctype": "BoolFrameData"
              }
            ],
            "ctype": "TimelineData"
          },
          {
            "ActionTag": -159725887,
            "Property": "Alpha",
            "Frames": [
              {
                "Value": 255,
                "FrameIndex": 34,
                "EasingData": {
                  "Type": 0
                },
                "ctype": "IntFrameData"
              },
              {
                "Value": 0,
                "FrameIndex": 35,
                "EasingData": {
                  "Type": 0
                },
                "ctype": "IntFrameData"
              },
              {
                "Value": 255,
                "FrameIndex": 45,
                "EasingData": {
                  "Type": 0
                },
                "ctype": "IntFrameData"
              },
              {
                "Value": 0,
                "FrameIndex": 55,
                "EasingData": {
                  "Type": 0
                },
                "ctype": "IntFrameData"
              }
            ],
            "ctype": "TimelineData"
          }
        ],
        "ctype": "TimelineActionData"
      },
      "AnimationList": [],
      "ObjectData": {
        "Tag": 35,
        "Children": [
          {
            "FileData": {
              "Type": "MarkedSubImage",
              "Path": "da7TeXiao/19.png",
              "Plist": "da7TeXiao.plist"
            },
            "BlendFunc": {
              "Src": 1,
              "Dst": 771
            },
            "AnchorPoint": {
              "ScaleX": 0.5,
              "ScaleY": 0.5
            },
            "Position": {
              "X": 0.4189,
              "Y": 46.4959
            },
            "Scale": {
              "ScaleX": 1.0,
              "ScaleY": 1.0
            },
            "CColor": {},
            "IconVisible": false,
            "PrePosition": {
              "X": 0.0,
              "Y": 0.0
            },
            "PreSize": {
              "X": 0.0,
              "Y": 0.0
            },
            "LeftMargin": -136.0811,
            "RightMargin": -136.9189,
            "TopMargin": -220.4959,
            "BottomMargin": -127.5041,
            "Tag": 48,
            "ActionTag": 186648026,
            "Size": {
              "X": 273.0,
              "Y": 348.0
            },
            "VisibleForFrame": false,
            "Alpha": 0,
            "Name": "Sprite_26",
            "ctype": "SpriteObjectData"
          },
          {
            "FileData": {
              "Type": "MarkedSubImage",
              "Path": "da7TeXiao/20.png",
              "Plist": "da7TeXiao.plist"
            },
            "BlendFunc": {
              "Src": 1,
              "Dst": 771
            },
            "AnchorPoint": {
              "ScaleX": 0.5,
              "ScaleY": 0.5
            },
            "Position": {
              "X": 0.0,
              "Y": 40.0
            },
            "Scale": {
              "ScaleX": 1.0,
              "ScaleY": 1.0
            },
            "CColor": {},
            "IconVisible": false,
            "PrePosition": {
              "X": 0.0,
              "Y": 0.0
            },
            "PreSize": {
              "X": 0.0,
              "Y": 0.0
            },
            "LeftMargin": -123.5,
            "RightMargin": -123.5,
            "TopMargin": -180.5,
            "BottomMargin": -100.5,
            "Tag": 36,
            "ActionTag": -1402947351,
            "Size": {
              "X": 247.0,
              "Y": 281.0
            },
            "Name": "Sprite_1",
            "ctype": "SpriteObjectData"
          },
          {
            "FileData": {
              "Type": "MarkedSubImage",
              "Path": "da7TeXiao/21.png",
              "Plist": "da7TeXiao.plist"
            },
            "BlendFunc": {
              "Src": 1,
              "Dst": 771
            },
            "AnchorPoint": {
              "ScaleX": 0.5,
              "ScaleY": 0.5
            },
            "Position": {
              "X": 3.0013,
              "Y": 66.0002
            },
            "Scale": {
              "ScaleX": 1.0,
              "ScaleY": 1.0
            },
            "CColor": {},
            "IconVisible": false,
            "PrePosition": {
              "X": 0.0,
              "Y": 0.0
            },
            "PreSize": {
              "X": 0.0,
              "Y": 0.0
            },
            "LeftMargin": -174.9987,
            "RightMargin": -181.0013,
            "TopMargin": -261.0002,
            "BottomMargin": -128.9998,
            "Tag": 37,
            "ActionTag": 404450951,
            "Size": {
              "X": 356.0,
              "Y": 390.0
            },
            "VisibleForFrame": false,
            "Name": "Sprite_2",
            "ctype": "SpriteObjectData"
          },
          {
            "FileData": {
              "Type": "MarkedSubImage",
              "Path": "da7TeXiao/22.png",
              "Plist": "da7TeXiao.plist"
            },
            "BlendFunc": {
              "Src": 1,
              "Dst": 771
            },
            "AnchorPoint": {
              "ScaleX": 0.5,
              "ScaleY": 0.5
            },
            "Position": {
              "X": -9.7275,
              "Y": 72.6958
            },
            "Scale": {
              "ScaleX": 1.0,
              "ScaleY": 1.0
            },
            "CColor": {},
            "IconVisible": false,
            "PrePosition": {
              "X": 0.0,
              "Y": 0.0
            },
            "PreSize": {
              "X": 0.0,
              "Y": 0.0
            },
            "LeftMargin": -215.7275,
            "RightMargin": -196.2725,
            "TopMargin": -283.1958,
            "BottomMargin": -137.8042,
            "Tag": 38,
            "ActionTag": 434343651,
            "Size": {
              "X": 412.0,
              "Y": 421.0
            },
            "VisibleForFrame": false,
            "Name": "Sprite_3",
            "ctype": "SpriteObjectData"
          },
          {
            "FileData": {
              "Type": "MarkedSubImage",
              "Path": "da7TeXiao/23.png",
              "Plist": "da7TeXiao.plist"
            },
            "BlendFunc": {
              "Src": 1,
              "Dst": 771
            },
            "AnchorPoint": {
              "ScaleX": 0.5,
              "ScaleY": 0.5
            },
            "Position": {
              "X": -8.9924,
              "Y": 63.9661
            },
            "Scale": {
              "ScaleX": 1.0,
              "ScaleY": 1.0
            },
            "CColor": {},
            "IconVisible": false,
            "PrePosition": {
              "X": 0.0,
              "Y": 0.0
            },
            "PreSize": {
              "X": 0.0,
              "Y": 0.0
            },
            "LeftMargin": -235.4924,
            "RightMargin": -217.5076,
            "TopMargin": -300.9661,
            "BottomMargin": -173.0339,
            "Tag": 39,
            "ActionTag": -1586639503,
            "Size": {
              "X": 453.0,
              "Y": 474.0
            },
            "VisibleForFrame": false,
            "Name": "Sprite_4",
            "ctype": "SpriteObjectData"
          },
          {
            "FileData": {
              "Type": "MarkedSubImage",
              "Path": "da7TeXiao/24.png",
              "Plist": "da7TeXiao.plist"
            },
            "BlendFunc": {
              "Src": 1,
              "Dst": 771
            },
            "AnchorPoint": {
              "ScaleX": 0.5,
              "ScaleY": 0.5
            },
            "Position": {
              "X": -15.3917,
              "Y": 36.5708
            },
            "Scale": {
              "ScaleX": 1.0,
              "ScaleY": 1.0
            },
            "CColor": {},
            "IconVisible": false,
            "PrePosition": {
              "X": 0.0,
              "Y": 0.0
            },
            "PreSize": {
              "X": 0.0,
              "Y": 0.0
            },
            "LeftMargin": -261.3917,
            "RightMargin": -230.6083,
            "TopMargin": -306.5708,
            "BottomMargin": -233.4292,
            "Tag": 40,
            "ActionTag": 1375164609,
            "Size": {
              "X": 492.0,
              "Y": 540.0
            },
            "VisibleForFrame": false,
            "Name": "Sprite_5",
            "ctype": "SpriteObjectData"
          },
          {
            "FileData": {
              "Type": "MarkedSubImage",
              "Path": "da7TeXiao/25.png",
              "Plist": "da7TeXiao.plist"
            },
            "BlendFunc": {
              "Src": 1,
              "Dst": 771
            },
            "AnchorPoint": {
              "ScaleX": 0.5,
              "ScaleY": 0.5
            },
            "Position": {
              "X": 15.6575,
              "Y": 47.5277
            },
            "Scale": {
              "ScaleX": 1.0,
              "ScaleY": 1.0
            },
            "CColor": {},
            "IconVisible": false,
            "PrePosition": {
              "X": 0.0,
              "Y": 0.0
            },
            "PreSize": {
              "X": 0.0,
              "Y": 0.0
            },
            "LeftMargin": -253.3425,
            "RightMargin": -284.6575,
            "TopMargin": -336.5277,
            "BottomMargin": -241.4723,
            "Tag": 41,
            "ActionTag": -1605313408,
            "Size": {
              "X": 538.0,
              "Y": 578.0
            },
            "VisibleForFrame": false,
            "Name": "Sprite_6",
            "ctype": "SpriteObjectData"
          },
          {
            "FileData": {
              "Type": "MarkedSubImage",
              "Path": "da7TeXiao/26.png",
              "Plist": "da7TeXiao.plist"
            },
            "BlendFunc": {
              "Src": 1,
              "Dst": 771
            },
            "AnchorPoint": {
              "ScaleX": 0.5,
              "ScaleY": 0.5
            },
            "Position": {
              "X": 4.7407,
              "Y": 51.0521
            },
            "Scale": {
              "ScaleX": 1.0,
              "ScaleY": 1.0
            },
            "CColor": {},
            "IconVisible": false,
            "PrePosition": {
              "X": 0.0,
              "Y": 0.0
            },
            "PreSize": {
              "X": 0.0,
              "Y": 0.0
            },
            "LeftMargin": -49.7593,
            "RightMargin": -59.2407,
            "TopMargin": -111.5521,
            "BottomMargin": -9.4479,
            "Tag": 42,
            "ActionTag": -159725887,
            "Size": {
              "X": 109.0,
              "Y": 121.0
            },
            "VisibleForFrame": false,
            "Name": "Sprite_7",
            "ctype": "SpriteObjectData"
          }
        ],
        "Size": {
          "X": 0.0,
          "Y": 0.0
        },
        "Name": "Node",
        "ctype": "SingleNodeObjectData"
      },
      "UsedResources": [
        "da7TeXiao.plist",
        "da7TeXiao.png"
      ],
      "ctype": "GameFileData"
    }
  },
  "Type": "Node"
}