{
  "ID": "a2ee0952-26b5-49ae-8bf9-4f1d6279b798",
  "Version": "3.10.0.0",
  "Name": "MainScene",
  "Content": {
    "Content": {
      "Animation": {
        "Duration": 0,
        "Speed": 1.0,
        "Timelines": [],
        "ctype": "TimelineActionData"
      },
      "AnimationList": [],
      "ObjectData": {
        "Children": [
          {
            "FileData": {
              "Type": "Normal",
              "Path": "HelloWorld.png",
              "Plist": ""
            },
            "BlendFunc": {
              "Src": 1,
              "Dst": 771
            },
            "AnchorPoint": {
              "ScaleX": 0.5,
              "ScaleY": 0.5
            },
            "Position": {
              "X": 472.0,
              "Y": -21.0
            },
            "Scale": {
              "ScaleX": 1.0,
              "ScaleY": 1.0
            },
            "CColor": {},
            "IconVisible": false,
            "PrePosition": {
              "X": 0.7375,
              "Y": -0.0219
            },
            "PreSize": {
              "X": 1.5,
              "Y": 0.6667
            },
            "LeftMargin": -8.0,
            "RightMargin": -312.0,
            "TopMargin": 661.0,
            "BottomMargin": -341.0,
            "Tag": 5,
            "ActionTag": 953446860,
            "Size": {
              "X": 960.0,
              "Y": 640.0
            },
            "Name": "Default",
            "ctype": "SpriteObjectData"
          }
        ],
        "Size": {
          "X": 1280.0,
          "Y": 720.0
        },
        "Name": "Scene",
        "ctype": "SingleNodeObjectData"
      },
      "UsedResources": [
        "HelloWorld.png"
      ],
      "ctype": "GameFileData"
    }
  },
  "Type": "Scene"
}