{
  "ID": "6600c306-2d46-4c6b-9c1a-b839aa06fd5c",
  "Version": "3.10.0.0",
  "Name": "ActivityUI",
  "Content": {
    "Content": {
      "Animation": {
        "Duration": 0,
        "Speed": 1.0,
        "Timelines": [],
        "ctype": "TimelineActionData"
      },
      "AnimationList": [],
      "ObjectData": {
        "Children": [
          {
            "ClipAble": false,
            "BackColorAlpha": 178,
            "ComboBoxIndex": 1,
            "SingleColor": {
              "R": 0,
              "G": 0,
              "B": 0
            },
            "FirstColor": {
              "R": 150,
              "G": 200
            },
            "EndColor": {},
            "ColorVector": {
              "ScaleY": 1.0
            },
            "Scale9Width": 1,
            "Scale9Height": 1,
            "TouchEnable": true,
            "AnchorPoint": {},
            "Position": {
              "X": 0.0,
              "Y": 0.0
            },
            "Scale": {
              "ScaleX": 1.0,
              "ScaleY": 1.0
            },
            "CColor": {},
            "IconVisible": false,
            "PrePosition": {
              "X": 0.0,
              "Y": 0.0
            },
            "PercentWidthEnable": true,
            "PercentHeightEnable": true,
            "PercentWidthEnabled": true,
            "PercentHeightEnabled": true,
            "PreSize": {
              "X": 1.0,
              "Y": 1.0
            },
            "Tag": 2,
            "ActionTag": -836818764,
            "Size": {
              "X": 1280.0,
              "Y": 720.0
            },
            "Name": "bg_panel",
            "ctype": "PanelObjectData"
          },
          {
            "ClipAble": false,
            "BackColorAlpha": 102,
            "SingleColor": {
              "R": 150,
              "G": 200
            },
            "FirstColor": {
              "R": 150,
              "G": 200
            },
            "EndColor": {},
            "ColorVector": {
              "ScaleY": 1.0
            },
            "Scale9Width": 1,
            "Scale9Height": 1,
            "TouchEnable": true,
            "AnchorPoint": {
              "ScaleX": 0.5,
              "ScaleY": 0.5
            },
            "Position": {
              "X": 640.0,
              "Y": 360.0
            },
            "Scale": {
              "ScaleX": 1.0,
              "ScaleY": 1.0
            },
            "CColor": {},
            "IconVisible": false,
            "PositionPercentXEnabled": true,
            "PositionPercentYEnabled": true,
            "PrePosition": {
              "X": 0.5,
              "Y": 0.5
            },
            "PreSize": {
              "X": 0.9766,
              "Y": 0.9611
            },
            "LeftMargin": 15.0,
            "RightMargin": 15.0,
            "TopMargin": 14.0,
            "BottomMargin": 14.0,
            "Tag": 159,
            "Children": [
              {
                "FileData": {
                  "Type": "Normal",
                  "Path": "BackGround/big_win.png",
                  "Plist": ""
                },
                "Scale9OriginX": 412,
                "Scale9OriginY": 228,
                "Scale9Width": 426,
                "Scale9Height": 236,
                "AnchorPoint": {
                  "ScaleX": 0.5,
                  "ScaleY": 0.5
                },
                "Position": {
                  "X": 625.0,
                  "Y": 346.0
                },
                "Scale": {
                  "ScaleX": 1.0,
                  "ScaleY": 1.0
                },
                "CColor": {},
                "IconVisible": false,
                "PositionPercentXEnabled": true,
                "PositionPercentYEnabled": true,
                "PrePosition": {
                  "X": 0.5,
                  "Y": 0.5
                },
                "PreSize": {
                  "X": 1.0,
                  "Y": 1.0
                },
                "Tag": 160,
                "ActionTag": 1210882313,
                "Size": {
                  "X": 1250.0,
                  "Y": 692.0
                },
                "Name": "bg_img",
                "ctype": "ImageViewObjectData"
              },
              {
                "FileData": {
                  "Type": "Normal",
                  "Path": "ActivityUI/title.png",
                  "Plist": ""
                },
                "Scale9OriginX": 15,
                "Scale9OriginY": 15,
                "Scale9Width": 49,
                "Scale9Height": 9,
                "AnchorPoint": {
                  "ScaleX": 0.5,
                  "ScaleY": 0.5
                },
                "Position": {
                  "X": 631.25,
                  "Y": 657.4
                },
                "Scale": {
                  "ScaleX": 1.0,
                  "ScaleY": 1.0
                },
                "CColor": {},
                "IconVisible": false,
                "PositionPercentXEnabled": true,
                "PositionPercentYEnabled": true,
                "PrePosition": {
                  "X": 0.505,
                  "Y": 0.95
                },
                "PreSize": {
                  "X": 0.0632,
                  "Y": 0.0564
                },
                "LeftMargin": 591.75,
                "RightMargin": 579.25,
                "TopMargin": 15.1,
                "BottomMargin": 637.9,
                "Tag": 161,
                "ActionTag": -722587383,
                "Size": {
                  "X": 79.0,
                  "Y": 39.0
                },
                "Name": "title_img",
                "ctype": "ImageViewObjectData"
              },
              {
                "InnerNodeSize": {
                  "Width": 275,
                  "Height": 575
                },
                "ScrollDirectionType": "Vertical",
                "ClipAble": true,
                "BackColorAlpha": 102,
                "SingleColor": {
                  "G": 150,
                  "B": 100
                },
                "FirstColor": {
                  "G": 150,
                  "B": 100
                },
                "EndColor": {},
                "ColorVector": {
                  "ScaleY": 1.0
                },
                "Scale9OriginX": -347,
                "Scale9OriginY": -156,
                "Scale9Width": 694,
                "Scale9Height": 312,
                "TouchEnable": true,
                "AnchorPoint": {
                  "ScaleX": 0.5,
                  "ScaleY": 1.0
                },
                "Position": {
                  "X": 181.5,
                  "Y": 620.68
                },
                "Scale": {
                  "ScaleX": 1.0,
                  "ScaleY": 1.0092
                },
                "CColor": {},
                "IconVisible": false,
                "PrePosition": {
                  "X": 0.1452,
                  "Y": 0.8969
                },
                "PreSize": {
                  "X": 0.2,
                  "Y": 0.8309
                },
                "LeftMargin": 56.5,
                "RightMargin": 943.5,
                "TopMargin": 71.32,
                "BottomMargin": 45.68,
                "Tag": 1029,
                "Children": [
                  {
                    "ClipAble": false,
                    "BackColorAlpha": 102,
                    "SingleColor": {
                      "R": 150,
                      "G": 200
                    },
                    "FirstColor": {
                      "R": 150,
                      "G": 200
                    },
                    "EndColor": {},
                    "ColorVector": {
                      "ScaleY": 1.0
                    },
                    "Scale9Width": 1,
                    "Scale9Height": 1,
                    "AnchorPoint": {},
                    "Position": {
                      "X": 0.0,
                      "Y": 487.025
                    },
                    "Scale": {
                      "ScaleX": 1.0,
                      "ScaleY": 1.0
                    },
                    "CColor": {},
                    "IconVisible": false,
                    "PositionPercentYEnabled": true,
                    "PrePosition": {
                      "X": 0.0,
                      "Y": 0.847
                    },
                    "PreSize": {
                      "X": 0.9091,
                      "Y": 0.153
                    },
                    "RightMargin": 25.0,
                    "TopMargin": -0.025,
                    "BottomMargin": 487.025,
                    "Tag": 1030,
                    "Children": [
                      {
                        "FontSize": 35,
                        "ButtonText": "",
                        "FontResource": {
                          "Type": "Default",
                          "Path": "",
                          "Plist": ""
                        },
                        "TextColor": {},
                        "DisabledFileData": {
                          "Type": "Normal",
                          "Path": "ActivityUI/activity_btn_select.png",
                          "Plist": ""
                        },
                        "PressedFileData": {
                          "Type": "Normal",
                          "Path": "ActivityUI/activity_btn_normal.png",
                          "Plist": ""
                        },
                        "NormalFileData": {
                          "Type": "Normal",
                          "Path": "ActivityUI/activity_btn_normal.png",
                          "Plist": ""
                        },
                        "Scale9Enable": true,
                        "Scale9OriginX": 15,
                        "Scale9OriginY": 11,
                        "Scale9Width": 220,
                        "Scale9Height": 66,
                        "OutlineColor": {
                          "G": 0,
                          "B": 0
                        },
                        "ShadowColor": {
                          "R": 110,
                          "G": 110,
                          "B": 110
                        },
                        "ShadowOffsetX": 2.0,
                        "ShadowOffsetY": -2.0,
                        "TouchEnable": true,
                        "AnchorPoint": {
                          "ScaleY": 1.0
                        },
                        "Position": {
                          "X": 0.0,
                          "Y": 88.0
                        },
                        "Scale": {
                          "ScaleX": 1.0,
                          "ScaleY": 1.0
                        },
                        "CColor": {},
                        "IconVisible": false,
                        "PositionPercentYEnabled": true,
                        "PrePosition": {
                          "X": 0.0,
                          "Y": 1.0
                        },
                        "PreSize": {
                          "X": 1.0,
                          "Y": 1.0
                        },
                        "Tag": 162,
                        "Children": [
                          {
                            "IsCustomSize": true,
                            "FontSize": 32,
                            "LabelText": "",
                            "FontResource": {
                              "Type": "Normal",
                              "Path": "font/zhunyuan.ttf",
                              "Plist": ""
                            },
                            "HorizontalAlignmentType": "HT_Center",
                            "VerticalAlignmentType": "VT_Center",
                            "OutlineColor": {
                              "G": 0,
                              "B": 0
                            },
                            "ShadowColor": {
                              "R": 110,
                              "G": 110,
                              "B": 110
                            },
                            "ShadowOffsetX": 2.0,
                            "ShadowOffsetY": -2.0,
                            "AnchorPoint": {
                              "ScaleX": 0.5,
                              "ScaleY": 0.5
                            },
                            "Position": {
                              "X": 125.0,
                              "Y": 44.0
                            },
                            "Scale": {
                              "ScaleX": 1.0,
                              "ScaleY": 1.0
                            },
                            "CColor": {},
                            "IconVisible": false,
                            "PositionPercentXEnabled": true,
                            "PositionPercentYEnabled": true,
                            "PrePosition": {
                              "X": 0.5,
                              "Y": 0.5
                            },
                            "PercentWidthEnable": true,
                            "PercentHeightEnable": true,
                            "PercentWidthEnabled": true,
                            "PercentHeightEnabled": true,
                            "PreSize": {
                              "X": 1.0,
                              "Y": 0.8
                            },
                            "TopMargin": 8.8,
                            "BottomMargin": 8.8,
                            "Tag": 57,
                            "ActionTag": -751467353,
                            "Size": {
                              "X": 250.0,
                              "Y": 70.4
                            },
                            "Name": "label",
                            "ctype": "TextObjectData"
                          }
                        ],
                        "ActionTag": 1481528264,
                        "Size": {
                          "X": 250.0,
                          "Y": 88.0
                        },
                        "Name": "btn",
                        "ctype": "ButtonObjectData"
                      }
                    ],
                    "ActionTag": 1758922667,
                    "Size": {
                      "X": 250.0,
                      "Y": 88.0
                    },
                    "Name": "item_panel",
                    "ctype": "PanelObjectData"
                  }
                ],
                "ActionTag": 1206094438,
                "Size": {
                  "X": 250.0,
                  "Y": 575.0
                },
                "Name": "info_panel",
                "ctype": "ScrollViewObjectData"
              },
              {
                "ClipAble": false,
                "BackColorAlpha": 102,
                "SingleColor": {
                  "R": 150,
                  "G": 200
                },
                "FirstColor": {
                  "R": 150,
                  "G": 200
                },
                "EndColor": {},
                "ColorVector": {
                  "ScaleY": 1.0
                },
                "Scale9Width": 1,
                "Scale9Height": 1,
                "TouchEnable": true,
                "AnchorPoint": {
                  "ScaleX": 0.5,
                  "ScaleY": 0.5
                },
                "Position": {
                  "X": 750.0,
                  "Y": 325.24
                },
                "Scale": {
                  "ScaleX": 1.0,
                  "ScaleY": 1.0
                },
                "CColor": {},
                "IconVisible": false,
                "PositionPercentXEnabled": true,
                "PositionPercentYEnabled": true,
                "PrePosition": {
                  "X": 0.6,
                  "Y": 0.47
                },
                "PreSize": {
                  "X": 0.68,
                  "Y": 0.7803
                },
                "LeftMargin": 325.0,
                "RightMargin": 75.0,
                "TopMargin": 96.76,
                "BottomMargin": 55.24,
                "Tag": 164,
                "Children": [
                  {
                    "FontSize": 14,
                    "ButtonText": "",
                    "TextColor": {
                      "R": 65,
                      "G": 65,
                      "B": 70
                    },
                    "NormalFileData": {
                      "Type": "Normal",
                      "Path": "CirclePopUI/air_img.png",
                      "Plist": ""
                    },
                    "Scale9Enable": true,
                    "Scale9OriginX": 15,
                    "Scale9OriginY": 4,
                    "Scale9Width": 100,
                    "Scale9Height": 42,
                    "OutlineColor": {
                      "G": 0,
                      "B": 0
                    },
                    "ShadowColor": {
                      "R": 110,
                      "G": 110,
                      "B": 110
                    },
                    "ShadowOffsetX": 2.0,
                    "ShadowOffsetY": -2.0,
                    "TouchEnable": true,
                    "AnchorPoint": {
                      "ScaleX": 0.5,
                      "ScaleY": 0.5
                    },
                    "Position": {
                      "X": 425.0,
                      "Y": 270.0
                    },
                    "Scale": {
                      "ScaleX": 1.0,
                      "ScaleY": 1.0
                    },
                    "CColor": {},
                    "IconVisible": false,
                    "PositionPercentXEnabled": true,
                    "PositionPercentYEnabled": true,
                    "PrePosition": {
                      "X": 0.5,
                      "Y": 0.5
                    },
                    "PreSize": {
                      "X": 0.9976,
                      "Y": 0.9963
                    },
                    "LeftMargin": 1.0,
                    "RightMargin": 1.0,
                    "TopMargin": 1.0,
                    "BottomMargin": 1.0,
                    "Tag": 224,
                    "ActionTag": -1944438304,
                    "Size": {
                      "X": 848.0,
                      "Y": 538.0
                    },
                    "Name": "notice_img",
                    "ctype": "ButtonObjectData"
                  },
                  {
                    "ClipAble": false,
                    "BackColorAlpha": 102,
                    "SingleColor": {
                      "R": 150,
                      "G": 200
                    },
                    "FirstColor": {
                      "R": 150,
                      "G": 200
                    },
                    "EndColor": {},
                    "ColorVector": {
                      "ScaleY": 1.0
                    },
                    "Scale9Width": 1,
                    "Scale9Height": 1,
                    "AnchorPoint": {
                      "ScaleX": 0.5,
                      "ScaleY": 0.5
                    },
                    "Position": {
                      "X": 425.0,
                      "Y": 270.0
                    },
                    "Scale": {
                      "ScaleX": 1.0,
                      "ScaleY": 1.0
                    },
                    "CColor": {},
                    "IconVisible": false,
                    "PositionPercentXEnabled": true,
                    "PositionPercentYEnabled": true,
                    "PrePosition": {
                      "X": 0.5,
                      "Y": 0.5
                    },
                    "PreSize": {
                      "X": 0.9976,
                      "Y": 0.9963
                    },
                    "LeftMargin": 1.0,
                    "RightMargin": 1.0,
                    "TopMargin": 1.0,
                    "BottomMargin": 1.0,
                    "Tag": 166,
                    "Children": [
                      {
                        "IsCustomSize": true,
                        "FontSize": 30,
                        "LabelText": "本游戏仅供娱乐，禁止赌博",
                        "FontResource": {
                          "Type": "Normal",
                          "Path": "font/zhunyuan.ttf",
                          "Plist": ""
                        },
                        "OutlineColor": {
                          "G": 0,
                          "B": 0
                        },
                        "ShadowColor": {
                          "R": 110,
                          "G": 110,
                          "B": 110
                        },
                        "ShadowOffsetX": 2.0,
                        "ShadowOffsetY": -2.0,
                        "AnchorPoint": {
                          "ScaleX": 0.5,
                          "ScaleY": 0.5
                        },
                        "Position": {
                          "X": 424.0,
                          "Y": 468.06
                        },
                        "Scale": {
                          "ScaleX": 1.0,
                          "ScaleY": 1.0
                        },
                        "CColor": {
                          "R": 183,
                          "G": 67,
                          "B": 49
                        },
                        "IconVisible": false,
                        "PositionPercentXEnabled": true,
                        "PositionPercentYEnabled": true,
                        "PrePosition": {
                          "X": 0.5,
                          "Y": 0.87
                        },
                        "PreSize": {
                          "X": 0.4281,
                          "Y": 0.0632
                        },
                        "LeftMargin": 242.5,
                        "RightMargin": 242.5,
                        "TopMargin": 52.94,
                        "BottomMargin": 451.06,
                        "Tag": 167,
                        "ActionTag": -1688698355,
                        "Size": {
                          "X": 363.0,
                          "Y": 34.0
                        },
                        "Name": "title_label",
                        "ctype": "TextObjectData"
                      },
                      {
                        "FileData": {
                          "Type": "Normal",
                          "Path": "ActivityUI/line.png",
                          "Plist": ""
                        },
                        "Scale9OriginX": 73,
                        "Scale9OriginY": 7,
                        "Scale9Width": 76,
                        "Scale9Height": 8,
                        "AnchorPoint": {
                          "ScaleX": 0.5,
                          "ScaleY": 0.5
                        },
                        "Position": {
                          "X": 127.2,
                          "Y": 468.06
                        },
                        "Scale": {
                          "ScaleX": 1.0,
                          "ScaleY": 1.0
                        },
                        "CColor": {},
                        "IconVisible": false,
                        "PositionPercentXEnabled": true,
                        "PositionPercentYEnabled": true,
                        "PrePosition": {
                          "X": 0.15,
                          "Y": 0.87
                        },
                        "PreSize": {
                          "X": 0.2618,
                          "Y": 0.0409
                        },
                        "LeftMargin": 16.2,
                        "RightMargin": 609.8,
                        "TopMargin": 58.94,
                        "BottomMargin": 457.06,
                        "Tag": 168,
                        "ActionTag": 1619905433,
                        "Size": {
                          "X": 222.0,
                          "Y": 22.0
                        },
                        "Name": "left_line_img",
                        "ctype": "ImageViewObjectData"
                      },
                      {
                        "FileData": {
                          "Type": "Normal",
                          "Path": "ActivityUI/line.png",
                          "Plist": ""
                        },
                        "Scale9OriginX": 73,
                        "Scale9OriginY": 7,
                        "Scale9Width": 76,
                        "Scale9Height": 8,
                        "AnchorPoint": {
                          "ScaleX": 0.5,
                          "ScaleY": 0.5
                        },
                        "Position": {
                          "X": 720.8,
                          "Y": 468.06
                        },
                        "Scale": {
                          "ScaleX": 1.0,
                          "ScaleY": 1.0
                        },
                        "RotationSkewX": 180.0,
                        "RotationSkewY": 180.0,
                        "CColor": {},
                        "IconVisible": false,
                        "PositionPercentXEnabled": true,
                        "PositionPercentYEnabled": true,
                        "PrePosition": {
                          "X": 0.85,
                          "Y": 0.87
                        },
                        "PreSize": {
                          "X": 0.2618,
                          "Y": 0.0409
                        },
                        "LeftMargin": 609.8,
                        "RightMargin": 16.2,
                        "TopMargin": 58.94,
                        "BottomMargin": 457.06,
                        "Tag": 169,
                        "ActionTag": -1392430185,
                        "Size": {
                          "X": 222.0,
                          "Y": 22.0
                        },
                        "Name": "right_line_img",
                        "ctype": "ImageViewObjectData"
                      },
                      {
                        "IsCustomSize": true,
                        "FontSize": 27,
                        "LabelText": "禁止利用本产品进行赌博行为",
                        "FontResource": {
                          "Type": "Normal",
                          "Path": "font/zhunyuan.ttf",
                          "Plist": ""
                        },
                        "OutlineColor": {
                          "G": 0,
                          "B": 0
                        },
                        "ShadowColor": {
                          "R": 110,
                          "G": 110,
                          "B": 110
                        },
                        "ShadowOffsetX": 2.0,
                        "ShadowOffsetY": -2.0,
                        "AnchorPoint": {
                          "ScaleY": 0.5
                        },
                        "Position": {
                          "X": 84.8,
                          "Y": 365.84
                        },
                        "Scale": {
                          "ScaleX": 1.0,
                          "ScaleY": 1.0
                        },
                        "CColor": {
                          "R": 134,
                          "G": 68,
                          "B": 66
                        },
                        "IconVisible": false,
                        "PositionPercentXEnabled": true,
                        "PositionPercentYEnabled": true,
                        "PrePosition": {
                          "X": 0.1,
                          "Y": 0.68
                        },
                        "PreSize": {
                          "X": 0.4163,
                          "Y": 0.0576
                        },
                        "LeftMargin": 84.8,
                        "RightMargin": 410.2,
                        "TopMargin": 156.66,
                        "BottomMargin": 350.34,
                        "Tag": 170,
                        "ActionTag": 2042320167,
                        "Size": {
                          "X": 353.0,
                          "Y": 31.0
                        },
                        "Name": "msg_label0",
                        "ctype": "TextObjectData"
                      },
                      {
                        "IsCustomSize": true,
                        "FontSize": 27,
                        "LabelText": "禁止捏造传播游戏外挂等信息",
                        "FontResource": {
                          "Type": "Normal",
                          "Path": "font/zhunyuan.ttf",
                          "Plist": ""
                        },
                        "OutlineColor": {
                          "G": 0,
                          "B": 0
                        },
                        "ShadowColor": {
                          "R": 110,
                          "G": 110,
                          "B": 110
                        },
                        "ShadowOffsetX": 2.0,
                        "ShadowOffsetY": -2.0,
                        "AnchorPoint": {
                          "ScaleY": 0.5
                        },
                        "Position": {
                          "X": 84.8,
                          "Y": 322.8
                        },
                        "Scale": {
                          "ScaleX": 1.0,
                          "ScaleY": 1.0
                        },
                        "CColor": {
                          "R": 134,
                          "G": 68,
                          "B": 66
                        },
                        "IconVisible": false,
                        "PositionPercentXEnabled": true,
                        "PositionPercentYEnabled": true,
                        "PrePosition": {
                          "X": 0.1,
                          "Y": 0.6
                        },
                        "PreSize": {
                          "X": 0.4175,
                          "Y": 0.0576
                        },
                        "LeftMargin": 84.8,
                        "RightMargin": 409.2,
                        "TopMargin": 199.7,
                        "BottomMargin": 307.3,
                        "Tag": 171,
                        "ActionTag": -384201749,
                        "Size": {
                          "X": 354.0,
                          "Y": 31.0
                        },
                        "Name": "msg_label1",
                        "ctype": "TextObjectData"
                      },
                      {
                        "IsCustomSize": true,
                        "FontSize": 27,
                        "LabelText": "禁止发布违规信息和违法言论",
                        "FontResource": {
                          "Type": "Normal",
                          "Path": "font/zhunyuan.ttf",
                          "Plist": ""
                        },
                        "OutlineColor": {
                          "G": 0,
                          "B": 0
                        },
                        "ShadowColor": {
                          "R": 110,
                          "G": 110,
                          "B": 110
                        },
                        "ShadowOffsetX": 2.0,
                        "ShadowOffsetY": -2.0,
                        "AnchorPoint": {
                          "ScaleY": 0.5
                        },
                        "Position": {
                          "X": 84.8,
                          "Y": 279.76
                        },
                        "Scale": {
                          "ScaleX": 1.0,
                          "ScaleY": 1.0
                        },
                        "CColor": {
                          "R": 134,
                          "G": 68,
                          "B": 66
                        },
                        "IconVisible": false,
                        "PositionPercentXEnabled": true,
                        "PositionPercentYEnabled": true,
                        "PrePosition": {
                          "X": 0.1,
                          "Y": 0.52
                        },
                        "PreSize": {
                          "X": 0.4175,
                          "Y": 0.0576
                        },
                        "LeftMargin": 84.8,
                        "RightMargin": 409.2,
                        "TopMargin": 242.74,
                        "BottomMargin": 264.26,
                        "Tag": 172,
                        "ActionTag": 1600247130,
                        "Size": {
                          "X": 354.0,
                          "Y": 31.0
                        },
                        "Name": "msg_label2",
                        "ctype": "TextObjectData"
                      },
                      {
                        "IsCustomSize": true,
                        "FontSize": 27,
                        "LabelText": "注意自我保护和谨防上当受骗",
                        "FontResource": {
                          "Type": "Normal",
                          "Path": "font/zhunyuan.ttf",
                          "Plist": ""
                        },
                        "OutlineColor": {
                          "G": 0,
                          "B": 0
                        },
                        "ShadowColor": {
                          "R": 110,
                          "G": 110,
                          "B": 110
                        },
                        "ShadowOffsetX": 2.0,
                        "ShadowOffsetY": -2.0,
                        "AnchorPoint": {
                          "ScaleY": 0.5
                        },
                        "Position": {
                          "X": 84.8,
                          "Y": 236.72
                        },
                        "Scale": {
                          "ScaleX": 1.0,
                          "ScaleY": 1.0
                        },
                        "CColor": {
                          "R": 134,
                          "G": 68,
                          "B": 66
                        },
                        "IconVisible": false,
                        "PositionPercentXEnabled": true,
                        "PositionPercentYEnabled": true,
                        "PrePosition": {
                          "X": 0.1,
                          "Y": 0.44
                        },
                        "PreSize": {
                          "X": 0.4163,
                          "Y": 0.0576
                        },
                        "LeftMargin": 84.8,
                        "RightMargin": 410.2,
                        "TopMargin": 285.78,
                        "BottomMargin": 221.22,
                        "Tag": 173,
                        "ActionTag": 38463554,
                        "Size": {
                          "X": 353.0,
                          "Y": 31.0
                        },
                        "Name": "msg_label3",
                        "ctype": "TextObjectData"
                      },
                      {
                        "IsCustomSize": true,
                        "FontSize": 27,
                        "LabelText": "2018-5-2",
                        "FontResource": {
                          "Type": "Normal",
                          "Path": "font/zhunyuan.ttf",
                          "Plist": ""
                        },
                        "OutlineColor": {
                          "G": 0,
                          "B": 0
                        },
                        "ShadowColor": {
                          "R": 110,
                          "G": 110,
                          "B": 110
                        },
                        "ShadowOffsetX": 2.0,
                        "ShadowOffsetY": -2.0,
                        "AnchorPoint": {
                          "ScaleY": 0.5
                        },
                        "Position": {
                          "X": 678.4,
                          "Y": 139.88
                        },
                        "Scale": {
                          "ScaleX": 1.0,
                          "ScaleY": 1.0
                        },
                        "CColor": {
                          "R": 134,
                          "G": 68,
                          "B": 66
                        },
                        "IconVisible": false,
                        "PositionPercentXEnabled": true,
                        "PositionPercentYEnabled": true,
                        "PrePosition": {
                          "X": 0.8,
                          "Y": 0.26
                        },
                        "PreSize": {
                          "X": 0.1356,
                          "Y": 0.0576
                        },
                        "LeftMargin": 678.4,
                        "RightMargin": 54.6,
                        "TopMargin": 382.62,
                        "BottomMargin": 124.38,
                        "Tag": 174,
                        "ActionTag": 7178475,
                        "Size": {
                          "X": 115.0,
                          "Y": 31.0
                        },
                        "Name": "time_label",
                        "ctype": "TextObjectData"
                      }
                    ],
                    "ActionTag": -142643633,
                    "Size": {
                      "X": 848.0,
                      "Y": 538.0
                    },
                    "VisibleForFrame": false,
                    "Name": "ruler_panel",
                    "ctype": "PanelObjectData"
                  }
                ],
                "ActionTag": -1397335310,
                "Size": {
                  "X": 850.0,
                  "Y": 540.0
                },
                "Name": "notice_panel",
                "ctype": "PanelObjectData"
              },
              {
                "FontSize": 14,
                "ButtonText": "",
                "TextColor": {
                  "R": 65,
                  "G": 65,
                  "B": 70
                },
                "PressedFileData": {
                  "Type": "Normal",
                  "Path": "Default/close_btn_bright.png",
                  "Plist": ""
                },
                "NormalFileData": {
                  "Type": "Normal",
                  "Path": "Default/close_btn.png",
                  "Plist": ""
                },
                "Scale9Enable": true,
                "Scale9OriginX": 15,
                "Scale9OriginY": 11,
                "Scale9Width": 56,
                "Scale9Height": 140,
                "OutlineColor": {
                  "G": 0,
                  "B": 0
                },
                "ShadowColor": {
                  "R": 110,
                  "G": 110,
                  "B": 110
                },
                "ShadowOffsetX": 2.0,
                "ShadowOffsetY": -2.0,
                "TouchEnable": true,
                "AnchorPoint": {
                  "ScaleX": 0.5,
                  "ScaleY": 0.5
                },
                "Position": {
                  "X": 1212.5,
                  "Y": 581.2108
                },
                "Scale": {
                  "ScaleX": 1.0,
                  "ScaleY": 1.0
                },
                "CColor": {},
                "IconVisible": false,
                "PositionPercentXEnabled": true,
                "PositionPercentYEnabled": true,
                "PrePosition": {
                  "X": 0.97,
                  "Y": 0.8399
                },
                "PreSize": {
                  "X": 0.0688,
                  "Y": 0.2341
                },
                "LeftMargin": 1169.5,
                "RightMargin": -5.5,
                "TopMargin": 29.7892,
                "BottomMargin": 500.2108,
                "Tag": 175,
                "ActionTag": 1119429448,
                "Size": {
                  "X": 86.0,
                  "Y": 162.0
                },
                "Name": "close_btn",
                "ctype": "ButtonObjectData"
              }
            ],
            "ActionTag": -772556261,
            "Size": {
              "X": 1250.0,
              "Y": 692.0
            },
            "Name": "activity_panel",
            "ctype": "PanelObjectData"
          }
        ],
        "Size": {
          "X": 1280.0,
          "Y": 720.0
        },
        "Name": "Layer",
        "ctype": "LayerObjectData"
      },
      "UsedResources": [
        "ActivityUI/activity_btn_normal.png",
        "ActivityUI/activity_btn_select.png",
        "ActivityUI/line.png",
        "ActivityUI/title.png",
        "BackGround/big_win.png",
        "CirclePopUI/air_img.png",
        "Default/close_btn.png",
        "Default/close_btn_bright.png",
        "font/zhunyuan.ttf"
      ],
      "ctype": "GameFileData"
    }
  },
  "Type": "Layer"
}