{
  "ID": "6811e486-2edc-4882-9e3a-d61482ccaec0",
  "Version": "3.10.0.0",
  "Name": "ConfigUI",
  "Content": {
    "Content": {
      "Animation": {
        "Duration": 0,
        "Speed": 1.0,
        "Timelines": [],
        "ctype": "TimelineActionData"
      },
      "AnimationList": [],
      "ObjectData": {
        "Tag": 20,
        "Children": [
          {
            "ClipAble": false,
            "BackColorAlpha": 102,
            "FileData": {
              "Type": "Normal",
              "Path": "BackGround/small_win.png",
              "Plist": ""
            },
            "SingleColor": {
              "R": 150,
              "G": 200
            },
            "FirstColor": {
              "R": 150,
              "G": 200
            },
            "EndColor": {},
            "ColorVector": {
              "ScaleY": 1.0
            },
            "Scale9OriginX": 80,
            "Scale9OriginY": 80,
            "Scale9Width": 824,
            "Scale9Height": 470,
            "TouchEnable": true,
            "AnchorPoint": {
              "ScaleX": 0.5,
              "ScaleY": 0.5
            },
            "Position": {
              "X": 640.0,
              "Y": 360.0
            },
            "Scale": {
              "ScaleX": 1.0,
              "ScaleY": 1.0
            },
            "CColor": {},
            "IconVisible": false,
            "PositionPercentXEnabled": true,
            "PositionPercentYEnabled": true,
            "PrePosition": {
              "X": 0.5,
              "Y": 0.5
            },
            "PreSize": {
              "X": 0.7688,
              "Y": 0.875
            },
            "LeftMargin": 148.0,
            "RightMargin": 148.0,
            "TopMargin": 45.0,
            "BottomMargin": 45.0,
            "Tag": 58,
            "Children": [
              {
                "FileData": {
                  "Type": "Normal",
                  "Path": "ConfigUI/title.png",
                  "Plist": ""
                },
                "Scale9OriginX": 29,
                "Scale9OriginY": 15,
                "Scale9Width": 37,
                "Scale9Height": 10,
                "AnchorPoint": {
                  "ScaleX": 0.5,
                  "ScaleY": 0.5
                },
                "Position": {
                  "X": 492.0,
                  "Y": 592.2
                },
                "Scale": {
                  "ScaleX": 1.0,
                  "ScaleY": 1.0
                },
                "CColor": {},
                "IconVisible": false,
                "PositionPercentXEnabled": true,
                "PositionPercentYEnabled": true,
                "PrePosition": {
                  "X": 0.5,
                  "Y": 0.94
                },
                "PreSize": {
                  "X": 0.0965,
                  "Y": 0.0635
                },
                "LeftMargin": 444.5,
                "RightMargin": 444.5,
                "TopMargin": 17.8,
                "BottomMargin": 572.2,
                "Tag": 60,
                "ActionTag": -1370079531,
                "Size": {
                  "X": 95.0,
                  "Y": 40.0
                },
                "Name": "title_img",
                "ctype": "ImageViewObjectData"
              },
              {
                "ClipAble": false,
                "BackColorAlpha": 102,
                "SingleColor": {
                  "R": 150,
                  "G": 200
                },
                "FirstColor": {
                  "R": 150,
                  "G": 200
                },
                "EndColor": {},
                "ColorVector": {
                  "ScaleY": 1.0
                },
                "Scale9Width": 1,
                "Scale9Height": 1,
                "AnchorPoint": {
                  "ScaleX": 0.5,
                  "ScaleY": 0.5
                },
                "Position": {
                  "X": 492.0,
                  "Y": 346.5
                },
                "Scale": {
                  "ScaleX": 1.0,
                  "ScaleY": 1.0
                },
                "CColor": {},
                "IconVisible": false,
                "PositionPercentXEnabled": true,
                "PositionPercentYEnabled": true,
                "PrePosition": {
                  "X": 0.5,
                  "Y": 0.55
                },
                "PreSize": {
                  "X": 0.7114,
                  "Y": 0.3968
                },
                "LeftMargin": 142.0,
                "RightMargin": 142.0,
                "TopMargin": 158.5,
                "BottomMargin": 221.5,
                "Tag": 2233,
                "Children": [
                  {
                    "FileData": {
                      "Type": "Normal",
                      "Path": "ConfigUI/yellow_bg.png",
                      "Plist": ""
                    },
                    "Scale9OriginX": 184,
                    "Scale9OriginY": 100,
                    "Scale9Width": 272,
                    "Scale9Height": 12,
                    "AnchorPoint": {
                      "ScaleX": 0.5,
                      "ScaleY": 0.5
                    },
                    "Position": {
                      "X": 350.0,
                      "Y": 125.0
                    },
                    "Scale": {
                      "ScaleX": 1.0,
                      "ScaleY": 1.0
                    },
                    "CColor": {},
                    "IconVisible": false,
                    "PositionPercentXEnabled": true,
                    "PositionPercentYEnabled": true,
                    "PrePosition": {
                      "X": 0.5,
                      "Y": 0.5
                    },
                    "PreSize": {
                      "X": 0.9143,
                      "Y": 0.848
                    },
                    "LeftMargin": 30.0,
                    "RightMargin": 30.0,
                    "TopMargin": 19.0,
                    "BottomMargin": 19.0,
                    "Tag": 59,
                    "ActionTag": -1907265378,
                    "Size": {
                      "X": 640.0,
                      "Y": 212.0
                    },
                    "Name": "config_bg",
                    "ctype": "ImageViewObjectData"
                  },
                  {
                    "BackGroundData": {
                      "Type": "Normal",
                      "Path": "ConfigUI/bar_bg.png",
                      "Plist": ""
                    },
                    "ProgressBarData": {
                      "Type": "Normal",
                      "Path": "ConfigUI/bar.png",
                      "Plist": ""
                    },
                    "BallNormalData": {
                      "Type": "Normal",
                      "Path": "ConfigUI/bar_out_btn.png",
                      "Plist": ""
                    },
                    "BallPressedData": {
                      "Type": "Normal",
                      "Path": "ConfigUI/bar_out_btn.png",
                      "Plist": ""
                    },
                    "BallDisabledData": {
                      "Type": "Normal",
                      "Path": "ConfigUI/bar_out_btn.png",
                      "Plist": ""
                    },
                    "PercentInfo": 49,
                    "TouchEnable": true,
                    "AnchorPoint": {
                      "ScaleX": 0.5,
                      "ScaleY": 0.5
                    },
                    "Position": {
                      "X": 410.9,
                      "Y": 168.5
                    },
                    "Scale": {
                      "ScaleX": 1.0,
                      "ScaleY": 1.0
                    },
                    "CColor": {},
                    "IconVisible": false,
                    "PositionPercentXEnabled": true,
                    "PrePosition": {
                      "X": 0.587,
                      "Y": 0.674
                    },
                    "PreSize": {
                      "X": 0.5843,
                      "Y": 0.084
                    },
                    "LeftMargin": 206.4,
                    "RightMargin": 84.6,
                    "TopMargin": 71.0,
                    "BottomMargin": 158.0,
                    "Tag": 63,
                    "ActionTag": -615496557,
                    "Size": {
                      "X": 409.0,
                      "Y": 21.0
                    },
                    "Name": "music_slider",
                    "ctype": "SliderObjectData"
                  },
                  {
                    "BackGroundData": {
                      "Type": "Normal",
                      "Path": "ConfigUI/bar_bg.png",
                      "Plist": ""
                    },
                    "ProgressBarData": {
                      "Type": "Normal",
                      "Path": "ConfigUI/bar.png",
                      "Plist": ""
                    },
                    "BallNormalData": {
                      "Type": "Normal",
                      "Path": "ConfigUI/bar_out_btn_effect.png",
                      "Plist": ""
                    },
                    "BallPressedData": {
                      "Type": "Normal",
                      "Path": "ConfigUI/bar_out_btn_effect.png",
                      "Plist": ""
                    },
                    "BallDisabledData": {
                      "Type": "Normal",
                      "Path": "ConfigUI/bar_out_btn_effect.png",
                      "Plist": ""
                    },
                    "PercentInfo": 50,
                    "TouchEnable": true,
                    "AnchorPoint": {
                      "ScaleX": 0.5,
                      "ScaleY": 0.5
                    },
                    "Position": {
                      "X": 410.9,
                      "Y": 78.0
                    },
                    "Scale": {
                      "ScaleX": 1.0,
                      "ScaleY": 1.0
                    },
                    "CColor": {},
                    "IconVisible": false,
                    "PositionPercentXEnabled": true,
                    "PrePosition": {
                      "X": 0.587,
                      "Y": 0.312
                    },
                    "PreSize": {
                      "X": 0.5843,
                      "Y": 0.084
                    },
                    "LeftMargin": 206.4,
                    "RightMargin": 84.6,
                    "TopMargin": 161.5,
                    "BottomMargin": 67.5,
                    "Tag": 65,
                    "ActionTag": -925897654,
                    "Size": {
                      "X": 409.0,
                      "Y": 21.0
                    },
                    "Name": "effect_slider",
                    "ctype": "SliderObjectData"
                  }
                ],
                "ActionTag": -1215796129,
                "Size": {
                  "X": 700.0,
                  "Y": 250.0
                },
                "Name": "slider_panel",
                "ctype": "PanelObjectData"
              },
              {
                "FontSize": 14,
                "ButtonText": "",
                "TextColor": {
                  "R": 65,
                  "G": 65,
                  "B": 70
                },
                "PressedFileData": {
                  "Type": "Normal",
                  "Path": "Default/close_btn_bright.png",
                  "Plist": ""
                },
                "NormalFileData": {
                  "Type": "Normal",
                  "Path": "Default/close_btn.png",
                  "Plist": ""
                },
                "Scale9Enable": true,
                "Scale9OriginX": 15,
                "Scale9OriginY": 11,
                "Scale9Width": 56,
                "Scale9Height": 140,
                "OutlineColor": {
                  "G": 0,
                  "B": 0
                },
                "ShadowColor": {
                  "R": 110,
                  "G": 110,
                  "B": 110
                },
                "ShadowOffsetX": 2.0,
                "ShadowOffsetY": -2.0,
                "TouchEnable": true,
                "AnchorPoint": {
                  "ScaleX": 0.5,
                  "ScaleY": 0.5
                },
                "Position": {
                  "X": 929.88,
                  "Y": 516.6
                },
                "Scale": {
                  "ScaleX": 1.0,
                  "ScaleY": 1.0
                },
                "CColor": {},
                "IconVisible": false,
                "PositionPercentXEnabled": true,
                "PositionPercentYEnabled": true,
                "PrePosition": {
                  "X": 0.945,
                  "Y": 0.82
                },
                "PreSize": {
                  "X": 0.0874,
                  "Y": 0.2571
                },
                "LeftMargin": 886.88,
                "RightMargin": 11.12,
                "TopMargin": 32.4,
                "BottomMargin": 435.6,
                "Tag": 61,
                "ActionTag": 1452952928,
                "Size": {
                  "X": 86.0,
                  "Y": 162.0
                },
                "Name": "return_btn",
                "ctype": "ButtonObjectData"
              },
              {
                "FontSize": 14,
                "ButtonText": "",
                "TextColor": {
                  "R": 65,
                  "G": 65,
                  "B": 70
                },
                "NormalFileData": {
                  "Type": "Normal",
                  "Path": "ConfigUI/logout_btn.png",
                  "Plist": ""
                },
                "Scale9Enable": true,
                "Scale9OriginX": 15,
                "Scale9OriginY": 11,
                "Scale9Width": 222,
                "Scale9Height": 92,
                "OutlineColor": {
                  "G": 0,
                  "B": 0
                },
                "ShadowColor": {
                  "R": 110,
                  "G": 110,
                  "B": 110
                },
                "ShadowOffsetX": 2.0,
                "ShadowOffsetY": -2.0,
                "TouchEnable": true,
                "AnchorPoint": {
                  "ScaleX": 0.5,
                  "ScaleY": 0.5
                },
                "Position": {
                  "X": 492.0,
                  "Y": 144.9
                },
                "Scale": {
                  "ScaleX": 1.0,
                  "ScaleY": 1.0
                },
                "CColor": {},
                "IconVisible": false,
                "PositionPercentXEnabled": true,
                "PositionPercentYEnabled": true,
                "PrePosition": {
                  "X": 0.5,
                  "Y": 0.23
                },
                "PreSize": {
                  "X": 0.2561,
                  "Y": 0.181
                },
                "LeftMargin": 366.0,
                "RightMargin": 366.0,
                "TopMargin": 428.1,
                "BottomMargin": 87.9,
                "Tag": 70,
                "ActionTag": 451839788,
                "Size": {
                  "X": 252.0,
                  "Y": 114.0
                },
                "Name": "logout_btn",
                "ctype": "ButtonObjectData"
              },
              {
                "FontSize": 14,
                "ButtonText": "",
                "TextColor": {
                  "R": 65,
                  "G": 65,
                  "B": 70
                },
                "NormalFileData": {
                  "Type": "Normal",
                  "Path": "ConfigUI/out_btn.png",
                  "Plist": ""
                },
                "Scale9Enable": true,
                "Scale9OriginX": 15,
                "Scale9OriginY": 11,
                "Scale9Width": 185,
                "Scale9Height": 62,
                "OutlineColor": {
                  "G": 0,
                  "B": 0
                },
                "ShadowColor": {
                  "R": 110,
                  "G": 110,
                  "B": 110
                },
                "ShadowOffsetX": 2.0,
                "ShadowOffsetY": -2.0,
                "TouchEnable": true,
                "AnchorPoint": {
                  "ScaleX": 0.5,
                  "ScaleY": 0.5
                },
                "Position": {
                  "X": 492.0,
                  "Y": 126.0
                },
                "Scale": {
                  "ScaleX": 1.0,
                  "ScaleY": 1.0
                },
                "CColor": {},
                "IconVisible": false,
                "PositionPercentXEnabled": true,
                "PositionPercentYEnabled": true,
                "PrePosition": {
                  "X": 0.5,
                  "Y": 0.2
                },
                "PreSize": {
                  "X": 0.2185,
                  "Y": 0.1333
                },
                "LeftMargin": 384.5,
                "RightMargin": 384.5,
                "TopMargin": 462.0,
                "BottomMargin": 84.0,
                "Tag": 1010,
                "ActionTag": 1938409235,
                "Size": {
                  "X": 215.0,
                  "Y": 84.0
                },
                "VisibleForFrame": false,
                "Name": "out_btn",
                "ctype": "ButtonObjectData"
              },
              {
                "FontSize": 14,
                "ButtonText": "",
                "TextColor": {
                  "R": 65,
                  "G": 65,
                  "B": 70
                },
                "NormalFileData": {
                  "Type": "Normal",
                  "Path": "ConfigUI/close_btn.png",
                  "Plist": ""
                },
                "Scale9Enable": true,
                "Scale9OriginX": 15,
                "Scale9OriginY": 11,
                "Scale9Width": 185,
                "Scale9Height": 62,
                "OutlineColor": {
                  "G": 0,
                  "B": 0
                },
                "ShadowColor": {
                  "R": 110,
                  "G": 110,
                  "B": 110
                },
                "ShadowOffsetX": 2.0,
                "ShadowOffsetY": -2.0,
                "TouchEnable": true,
                "AnchorPoint": {
                  "ScaleX": 0.5,
                  "ScaleY": 0.5
                },
                "Position": {
                  "X": 492.0,
                  "Y": 126.0
                },
                "Scale": {
                  "ScaleX": 1.0,
                  "ScaleY": 1.0
                },
                "CColor": {},
                "IconVisible": false,
                "PositionPercentXEnabled": true,
                "PositionPercentYEnabled": true,
                "PrePosition": {
                  "X": 0.5,
                  "Y": 0.2
                },
                "PreSize": {
                  "X": 0.2185,
                  "Y": 0.1333
                },
                "LeftMargin": 384.5,
                "RightMargin": 384.5,
                "TopMargin": 462.0,
                "BottomMargin": 84.0,
                "Tag": 1009,
                "ActionTag": -707159232,
                "Size": {
                  "X": 215.0,
                  "Y": 84.0
                },
                "VisibleForFrame": false,
                "Name": "close_btn",
                "ctype": "ButtonObjectData"
              },
              {
                "FontSize": 14,
                "ButtonText": "",
                "TextColor": {
                  "R": 65,
                  "G": 65,
                  "B": 70
                },
                "NormalFileData": {
                  "Type": "Normal",
                  "Path": "ConfigUI/applyclose_btn.png",
                  "Plist": ""
                },
                "Scale9Enable": true,
                "Scale9OriginX": 15,
                "Scale9OriginY": 11,
                "Scale9Width": 185,
                "Scale9Height": 62,
                "OutlineColor": {
                  "G": 0,
                  "B": 0
                },
                "ShadowColor": {
                  "R": 110,
                  "G": 110,
                  "B": 110
                },
                "ShadowOffsetX": 2.0,
                "ShadowOffsetY": -2.0,
                "TouchEnable": true,
                "AnchorPoint": {
                  "ScaleX": 0.5,
                  "ScaleY": 0.5
                },
                "Position": {
                  "X": 492.0,
                  "Y": 126.0
                },
                "Scale": {
                  "ScaleX": 1.0,
                  "ScaleY": 1.0
                },
                "CColor": {},
                "IconVisible": false,
                "PositionPercentXEnabled": true,
                "PositionPercentYEnabled": true,
                "PrePosition": {
                  "X": 0.5,
                  "Y": 0.2
                },
                "PreSize": {
                  "X": 0.2185,
                  "Y": 0.1333
                },
                "LeftMargin": 384.5,
                "RightMargin": 384.5,
                "TopMargin": 462.0,
                "BottomMargin": 84.0,
                "Tag": 1008,
                "ActionTag": -1226121930,
                "Size": {
                  "X": 215.0,
                  "Y": 84.0
                },
                "VisibleForFrame": false,
                "Name": "applyclose_btn",
                "ctype": "ButtonObjectData"
              },
              {
                "CheckedState": true,
                "NormalBackFileData": {
                  "Type": "Normal",
                  "Path": "ConfigUI/chx_bg.png",
                  "Plist": ""
                },
                "PressedBackFileData": {
                  "Type": "Normal",
                  "Path": "ConfigUI/chx_bg.png",
                  "Plist": ""
                },
                "DisableBackFileData": {
                  "Type": "Normal",
                  "Path": "ConfigUI/chx_bg.png",
                  "Plist": ""
                },
                "NodeNormalFileData": {
                  "Type": "Normal",
                  "Path": "ConfigUI/chx.png",
                  "Plist": ""
                },
                "TouchEnable": true,
                "AnchorPoint": {
                  "ScaleX": 0.5,
                  "ScaleY": 0.5
                },
                "Position": {
                  "X": 295.2,
                  "Y": 472.5
                },
                "Scale": {
                  "ScaleX": 1.0,
                  "ScaleY": 1.0
                },
                "CColor": {},
                "IconVisible": false,
                "PositionPercentXEnabled": true,
                "PositionPercentYEnabled": true,
                "PrePosition": {
                  "X": 0.3,
                  "Y": 0.75
                },
                "PreSize": {
                  "X": 0.0447,
                  "Y": 0.0698
                },
                "LeftMargin": 273.2,
                "RightMargin": 666.8,
                "TopMargin": 135.5,
                "BottomMargin": 450.5,
                "Tag": 1406,
                "ActionTag": 543283440,
                "Size": {
                  "X": 44.0,
                  "Y": 44.0
                },
                "VisibleForFrame": false,
                "Name": "language_chx1",
                "ctype": "CheckBoxObjectData"
              },
              {
                "NormalBackFileData": {
                  "Type": "Normal",
                  "Path": "ConfigUI/chx_bg.png",
                  "Plist": ""
                },
                "PressedBackFileData": {
                  "Type": "Normal",
                  "Path": "ConfigUI/chx_bg.png",
                  "Plist": ""
                },
                "DisableBackFileData": {
                  "Type": "Normal",
                  "Path": "ConfigUI/chx_bg.png",
                  "Plist": ""
                },
                "NodeNormalFileData": {
                  "Type": "Normal",
                  "Path": "ConfigUI/chx.png",
                  "Plist": ""
                },
                "TouchEnable": true,
                "AnchorPoint": {
                  "ScaleX": 0.5,
                  "ScaleY": 0.5
                },
                "Position": {
                  "X": 590.4,
                  "Y": 472.5
                },
                "Scale": {
                  "ScaleX": 1.0,
                  "ScaleY": 1.0
                },
                "CColor": {},
                "IconVisible": false,
                "PositionPercentXEnabled": true,
                "PositionPercentYEnabled": true,
                "PrePosition": {
                  "X": 0.6,
                  "Y": 0.75
                },
                "PreSize": {
                  "X": 0.0447,
                  "Y": 0.0698
                },
                "LeftMargin": 568.4,
                "RightMargin": 371.6,
                "TopMargin": 135.5,
                "BottomMargin": 450.5,
                "Tag": 67,
                "ActionTag": -226867051,
                "Size": {
                  "X": 44.0,
                  "Y": 44.0
                },
                "VisibleForFrame": false,
                "Name": "language_chx2",
                "ctype": "CheckBoxObjectData"
              },
              {
                "FileData": {
                  "Type": "Normal",
                  "Path": "ConfigUI/local_language_out.png",
                  "Plist": ""
                },
                "Scale9OriginX": 16,
                "Scale9OriginY": 8,
                "Scale9Width": 90,
                "Scale9Height": 22,
                "AnchorPoint": {
                  "ScaleX": 0.5,
                  "ScaleY": 0.5
                },
                "Position": {
                  "X": 393.6,
                  "Y": 472.5
                },
                "Scale": {
                  "ScaleX": 1.0,
                  "ScaleY": 1.0
                },
                "CColor": {},
                "IconVisible": false,
                "PositionPercentXEnabled": true,
                "PositionPercentYEnabled": true,
                "PrePosition": {
                  "X": 0.4,
                  "Y": 0.75
                },
                "PreSize": {
                  "X": 0.124,
                  "Y": 0.0603
                },
                "LeftMargin": 332.6,
                "RightMargin": 529.4,
                "TopMargin": 138.5,
                "BottomMargin": 453.5,
                "Tag": 1405,
                "ActionTag": -66497577,
                "Size": {
                  "X": 122.0,
                  "Y": 38.0
                },
                "VisibleForFrame": false,
                "Name": "local_language_img",
                "ctype": "ImageViewObjectData"
              },
              {
                "FileData": {
                  "Type": "Normal",
                  "Path": "ConfigUI/pt_language_out.png",
                  "Plist": ""
                },
                "Scale9OriginX": 16,
                "Scale9OriginY": 8,
                "Scale9Width": 90,
                "Scale9Height": 22,
                "AnchorPoint": {
                  "ScaleX": 0.5,
                  "ScaleY": 0.5
                },
                "Position": {
                  "X": 688.8,
                  "Y": 472.5
                },
                "Scale": {
                  "ScaleX": 1.0,
                  "ScaleY": 1.0
                },
                "CColor": {},
                "IconVisible": false,
                "PositionPercentXEnabled": true,
                "PositionPercentYEnabled": true,
                "PrePosition": {
                  "X": 0.7,
                  "Y": 0.75
                },
                "PreSize": {
                  "X": 0.124,
                  "Y": 0.0603
                },
                "LeftMargin": 627.8,
                "RightMargin": 234.2,
                "TopMargin": 138.5,
                "BottomMargin": 453.5,
                "Tag": 1404,
                "ActionTag": 1355389145,
                "Size": {
                  "X": 122.0,
                  "Y": 38.0
                },
                "VisibleForFrame": false,
                "Name": "pt_language_img",
                "ctype": "ImageViewObjectData"
              },
              {
                "ClipAble": false,
                "BackColorAlpha": 102,
                "SingleColor": {
                  "R": 150,
                  "G": 200
                },
                "FirstColor": {
                  "R": 150,
                  "G": 200
                },
                "EndColor": {},
                "ColorVector": {
                  "ScaleY": 1.0
                },
                "Scale9Width": 1,
                "Scale9Height": 1,
                "AnchorPoint": {
                  "ScaleX": 0.5,
                  "ScaleY": 1.0
                },
                "Position": {
                  "X": 492.0,
                  "Y": 491.4
                },
                "Scale": {
                  "ScaleX": 1.0,
                  "ScaleY": 1.0
                },
                "CColor": {},
                "IconVisible": false,
                "PositionPercentXEnabled": true,
                "PositionPercentYEnabled": true,
                "PrePosition": {
                  "X": 0.5,
                  "Y": 0.78
                },
                "PreSize": {
                  "X": 0.813,
                  "Y": 0.0794
                },
                "LeftMargin": 92.0,
                "RightMargin": 92.0,
                "TopMargin": 138.6,
                "BottomMargin": 441.4,
                "Tag": 2225,
                "Children": [
                  {
                    "CheckedState": true,
                    "NormalBackFileData": {
                      "Type": "Normal",
                      "Path": "ConfigUI/music_chx_bg.png",
                      "Plist": ""
                    },
                    "PressedBackFileData": {
                      "Type": "Normal",
                      "Path": "ConfigUI/music_chx_bg.png",
                      "Plist": ""
                    },
                    "DisableBackFileData": {
                      "Type": "Normal",
                      "Path": "ConfigUI/music_chx_bg.png",
                      "Plist": ""
                    },
                    "NodeNormalFileData": {
                      "Type": "Normal",
                      "Path": "ConfigUI/music_chx.png",
                      "Plist": ""
                    },
                    "TouchEnable": true,
                    "AnchorPoint": {
                      "ScaleX": 0.5,
                      "ScaleY": 0.5
                    },
                    "Position": {
                      "X": 144.0,
                      "Y": 25.0
                    },
                    "Scale": {
                      "ScaleX": 1.0,
                      "ScaleY": 1.0
                    },
                    "CColor": {},
                    "IconVisible": false,
                    "PositionPercentXEnabled": true,
                    "PositionPercentYEnabled": true,
                    "PrePosition": {
                      "X": 0.18,
                      "Y": 0.5
                    },
                    "PreSize": {
                      "X": 0.0575,
                      "Y": 0.92
                    },
                    "LeftMargin": 121.0,
                    "RightMargin": 633.0,
                    "TopMargin": 2.0,
                    "BottomMargin": 2.0,
                    "Tag": 2229,
                    "ActionTag": 199161510,
                    "Size": {
                      "X": 46.0,
                      "Y": 46.0
                    },
                    "Name": "music_chx1",
                    "ctype": "CheckBoxObjectData"
                  },
                  {
                    "NormalBackFileData": {
                      "Type": "Normal",
                      "Path": "ConfigUI/music_chx_bg.png",
                      "Plist": ""
                    },
                    "PressedBackFileData": {
                      "Type": "Normal",
                      "Path": "ConfigUI/music_chx_bg.png",
                      "Plist": ""
                    },
                    "DisableBackFileData": {
                      "Type": "Normal",
                      "Path": "ConfigUI/music_chx_bg.png",
                      "Plist": ""
                    },
                    "NodeNormalFileData": {
                      "Type": "Normal",
                      "Path": "ConfigUI/music_chx.png",
                      "Plist": ""
                    },
                    "TouchEnable": true,
                    "AnchorPoint": {
                      "ScaleX": 0.5,
                      "ScaleY": 0.5
                    },
                    "Position": {
                      "X": 464.0,
                      "Y": 25.0
                    },
                    "Scale": {
                      "ScaleX": 1.0,
                      "ScaleY": 1.0
                    },
                    "CColor": {},
                    "IconVisible": false,
                    "PositionPercentXEnabled": true,
                    "PositionPercentYEnabled": true,
                    "PrePosition": {
                      "X": 0.58,
                      "Y": 0.5
                    },
                    "PreSize": {
                      "X": 0.0575,
                      "Y": 0.92
                    },
                    "LeftMargin": 441.0,
                    "RightMargin": 313.0,
                    "TopMargin": 2.0,
                    "BottomMargin": 2.0,
                    "Tag": 2230,
                    "ActionTag": 60480654,
                    "Size": {
                      "X": 46.0,
                      "Y": 46.0
                    },
                    "Name": "music_chx2",
                    "ctype": "CheckBoxObjectData"
                  },
                  {
                    "FileData": {
                      "Type": "Normal",
                      "Path": "ConfigUI/music1.png",
                      "Plist": ""
                    },
                    "Scale9OriginX": 16,
                    "Scale9OriginY": 8,
                    "Scale9Width": 148,
                    "Scale9Height": 20,
                    "AnchorPoint": {
                      "ScaleX": 0.5,
                      "ScaleY": 0.5
                    },
                    "Position": {
                      "X": 280.0,
                      "Y": 25.0
                    },
                    "Scale": {
                      "ScaleX": 1.0,
                      "ScaleY": 1.0
                    },
                    "CColor": {},
                    "IconVisible": false,
                    "PositionPercentXEnabled": true,
                    "PositionPercentYEnabled": true,
                    "PrePosition": {
                      "X": 0.35,
                      "Y": 0.5
                    },
                    "PreSize": {
                      "X": 0.225,
                      "Y": 0.72
                    },
                    "LeftMargin": 190.0,
                    "RightMargin": 430.0,
                    "TopMargin": 7.0,
                    "BottomMargin": 7.0,
                    "Tag": 2231,
                    "ActionTag": -1945193076,
                    "Size": {
                      "X": 180.0,
                      "Y": 36.0
                    },
                    "Name": "img1",
                    "ctype": "ImageViewObjectData"
                  },
                  {
                    "FileData": {
                      "Type": "Normal",
                      "Path": "ConfigUI/music2.png",
                      "Plist": ""
                    },
                    "Scale9OriginX": 16,
                    "Scale9OriginY": 8,
                    "Scale9Width": 152,
                    "Scale9Height": 20,
                    "AnchorPoint": {
                      "ScaleX": 0.5,
                      "ScaleY": 0.5
                    },
                    "Position": {
                      "X": 600.0,
                      "Y": 25.0
                    },
                    "Scale": {
                      "ScaleX": 1.0,
                      "ScaleY": 1.0
                    },
                    "CColor": {},
                    "IconVisible": false,
                    "PositionPercentXEnabled": true,
                    "PositionPercentYEnabled": true,
                    "PrePosition": {
                      "X": 0.75,
                      "Y": 0.5
                    },
                    "PreSize": {
                      "X": 0.23,
                      "Y": 0.72
                    },
                    "LeftMargin": 508.0,
                    "RightMargin": 108.0,
                    "TopMargin": 7.0,
                    "BottomMargin": 7.0,
                    "Tag": 2232,
                    "ActionTag": -1859767771,
                    "Size": {
                      "X": 184.0,
                      "Y": 36.0
                    },
                    "Name": "img2",
                    "ctype": "ImageViewObjectData"
                  }
                ],
                "ActionTag": -264387240,
                "Size": {
                  "X": 800.0,
                  "Y": 50.0
                },
                "VisibleForFrame": false,
                "Name": "music_panel",
                "ctype": "PanelObjectData"
              },
              {
                "ClipAble": false,
                "BackColorAlpha": 102,
                "SingleColor": {
                  "R": 150,
                  "G": 200
                },
                "FirstColor": {
                  "R": 150,
                  "G": 200
                },
                "EndColor": {},
                "ColorVector": {
                  "ScaleY": 1.0
                },
                "Scale9Width": 1,
                "Scale9Height": 1,
                "AnchorPoint": {
                  "ScaleX": 0.5
                },
                "Position": {
                  "X": 492.0,
                  "Y": 18.9
                },
                "Scale": {
                  "ScaleX": 1.0,
                  "ScaleY": 1.0
                },
                "CColor": {},
                "IconVisible": false,
                "PositionPercentXEnabled": true,
                "PositionPercentYEnabled": true,
                "PrePosition": {
                  "X": 0.5,
                  "Y": 0.03
                },
                "PercentWidthEnable": true,
                "PercentHeightEnable": true,
                "PercentWidthEnabled": true,
                "PercentHeightEnabled": true,
                "PreSize": {
                  "X": 1.0,
                  "Y": 0.2
                },
                "TopMargin": 485.1,
                "BottomMargin": 18.9,
                "Tag": 864,
                "Children": [
                  {
                    "FontSize": 14,
                    "ButtonText": "",
                    "TextColor": {
                      "R": 65,
                      "G": 65,
                      "B": 70
                    },
                    "NormalFileData": {
                      "Type": "Normal",
                      "Path": "ConfigUI/parent_plan.png",
                      "Plist": ""
                    },
                    "Scale9Enable": true,
                    "Scale9OriginX": 15,
                    "Scale9OriginY": 11,
                    "Scale9Width": 106,
                    "Scale9Height": 4,
                    "OutlineColor": {
                      "G": 0,
                      "B": 0
                    },
                    "ShadowColor": {
                      "R": 110,
                      "G": 110,
                      "B": 110
                    },
                    "ShadowOffsetX": 2.0,
                    "ShadowOffsetY": -2.0,
                    "TouchEnable": true,
                    "AnchorPoint": {
                      "ScaleX": 0.5,
                      "ScaleY": 0.5
                    },
                    "Position": {
                      "X": 167.28,
                      "Y": 41.58
                    },
                    "Scale": {
                      "ScaleX": 1.0,
                      "ScaleY": 1.0
                    },
                    "CColor": {},
                    "IconVisible": false,
                    "PositionPercentXEnabled": true,
                    "PositionPercentYEnabled": true,
                    "PrePosition": {
                      "X": 0.17,
                      "Y": 0.33
                    },
                    "PreSize": {
                      "X": 0.1382,
                      "Y": 0.2063
                    },
                    "LeftMargin": 99.28,
                    "RightMargin": 748.72,
                    "TopMargin": 71.42,
                    "BottomMargin": 28.58,
                    "Tag": 865,
                    "ActionTag": -553758925,
                    "Size": {
                      "X": 136.0,
                      "Y": 26.0
                    },
                    "Name": "parent_btn",
                    "ctype": "ButtonObjectData"
                  },
                  {
                    "FontSize": 14,
                    "ButtonText": "",
                    "TextColor": {
                      "R": 65,
                      "G": 65,
                      "B": 70
                    },
                    "NormalFileData": {
                      "Type": "Normal",
                      "Path": "ConfigUI/user_plan.png",
                      "Plist": ""
                    },
                    "Scale9Enable": true,
                    "Scale9OriginX": 15,
                    "Scale9OriginY": 11,
                    "Scale9Width": 106,
                    "Scale9Height": 4,
                    "OutlineColor": {
                      "G": 0,
                      "B": 0
                    },
                    "ShadowColor": {
                      "R": 110,
                      "G": 110,
                      "B": 110
                    },
                    "ShadowOffsetX": 2.0,
                    "ShadowOffsetY": -2.0,
                    "TouchEnable": true,
                    "AnchorPoint": {
                      "ScaleX": 0.5,
                      "ScaleY": 0.5
                    },
                    "Position": {
                      "X": 423.12,
                      "Y": 41.58
                    },
                    "Scale": {
                      "ScaleX": 1.0,
                      "ScaleY": 1.0
                    },
                    "CColor": {},
                    "IconVisible": false,
                    "PositionPercentXEnabled": true,
                    "PositionPercentYEnabled": true,
                    "PrePosition": {
                      "X": 0.43,
                      "Y": 0.33
                    },
                    "PreSize": {
                      "X": 0.1382,
                      "Y": 0.2063
                    },
                    "LeftMargin": 355.12,
                    "RightMargin": 492.88,
                    "TopMargin": 71.42,
                    "BottomMargin": 28.58,
                    "Tag": 867,
                    "ActionTag": 899009682,
                    "Size": {
                      "X": 136.0,
                      "Y": 26.0
                    },
                    "Name": "user_btn",
                    "ctype": "ButtonObjectData"
                  },
                  {
                    "FontSize": 14,
                    "ButtonText": "",
                    "TextColor": {
                      "R": 65,
                      "G": 65,
                      "B": 70
                    },
                    "NormalFileData": {
                      "Type": "Normal",
                      "Path": "ConfigUI/privacy_panel.png",
                      "Plist": ""
                    },
                    "Scale9Enable": true,
                    "Scale9OriginX": 15,
                    "Scale9OriginY": 11,
                    "Scale9Width": 106,
                    "Scale9Height": 4,
                    "OutlineColor": {
                      "G": 0,
                      "B": 0
                    },
                    "ShadowColor": {
                      "R": 110,
                      "G": 110,
                      "B": 110
                    },
                    "ShadowOffsetX": 2.0,
                    "ShadowOffsetY": -2.0,
                    "TouchEnable": true,
                    "AnchorPoint": {
                      "ScaleX": 0.5,
                      "ScaleY": 0.5
                    },
                    "Position": {
                      "X": 305.04,
                      "Y": 41.58
                    },
                    "Scale": {
                      "ScaleX": 1.0,
                      "ScaleY": 1.0
                    },
                    "CColor": {},
                    "IconVisible": false,
                    "PositionPercentXEnabled": true,
                    "PositionPercentYEnabled": true,
                    "PrePosition": {
                      "X": 0.31,
                      "Y": 0.33
                    },
                    "PreSize": {
                      "X": 0.1382,
                      "Y": 0.2063
                    },
                    "LeftMargin": 237.04,
                    "RightMargin": 610.96,
                    "TopMargin": 71.42,
                    "BottomMargin": 28.58,
                    "Tag": 866,
                    "ActionTag": -146162565,
                    "Size": {
                      "X": 136.0,
                      "Y": 26.0
                    },
                    "Name": "privacy_btn",
                    "ctype": "ButtonObjectData"
                  }
                ],
                "ActionTag": 1783216583,
                "Size": {
                  "X": 984.0,
                  "Y": 126.0
                },
                "VisibleForFrame": false,
                "Name": "plan_panel",
                "ctype": "PanelObjectData"
              }
            ],
            "ActionTag": -549672210,
            "Size": {
              "X": 984.0,
              "Y": 630.0
            },
            "Name": "gameconfig_panel",
            "ctype": "PanelObjectData"
          }
        ],
        "Size": {
          "X": 1280.0,
          "Y": 720.0
        },
        "Name": "Layer",
        "ctype": "LayerObjectData"
      },
      "UsedResources": [
        "BackGround/small_win.png",
        "ConfigUI/applyclose_btn.png",
        "ConfigUI/bar.png",
        "ConfigUI/bar_bg.png",
        "ConfigUI/bar_out_btn.png",
        "ConfigUI/bar_out_btn_effect.png",
        "ConfigUI/chx.png",
        "ConfigUI/chx_bg.png",
        "ConfigUI/close_btn.png",
        "ConfigUI/local_language_out.png",
        "ConfigUI/logout_btn.png",
        "ConfigUI/music_chx.png",
        "ConfigUI/music_chx_bg.png",
        "ConfigUI/music1.png",
        "ConfigUI/music2.png",
        "ConfigUI/out_btn.png",
        "ConfigUI/parent_plan.png",
        "ConfigUI/privacy_panel.png",
        "ConfigUI/pt_language_out.png",
        "ConfigUI/title.png",
        "ConfigUI/user_plan.png",
        "ConfigUI/yellow_bg.png",
        "Default/close_btn.png",
        "Default/close_btn_bright.png"
      ],
      "ctype": "GameFileData"
    }
  },
  "Type": "Layer"
}