{
  "ID": "beba1172-7e7f-46fd-9bc1-e640bc0b5326",
  "Version": "3.10.0.0",
  "Name": "DDZAirplaneAction",
  "Content": {
    "Content": {
      "Animation": {
        "Duration": 75,
        "Speed": 1.0,
        "Timelines": [
          {
            "ActionTag": -1879372870,
            "Property": "Position",
            "Frames": [
              {
                "X": 749.6115,
                "Y": 281.8456,
                "FrameIndex": 0,
                "EasingData": {
                  "Type": 0
                },
                "ctype": "PointFrameData"
              },
              {
                "X": 247.5155,
                "Y": 66.2256,
                "FrameIndex": 30,
                "EasingData": {
                  "Type": 0
                },
                "ctype": "PointFrameData"
              },
              {
                "X": -191.7701,
                "Y": -33.6743,
                "FrameIndex": 50,
                "EasingData": {
                  "Type": 0
                },
                "ctype": "PointFrameData"
              },
              {
                "X": -492.4022,
                "Y": -30.7259,
                "FrameIndex": 65,
                "EasingData": {
                  "Type": 0
                },
                "ctype": "PointFrameData"
              },
              {
                "X": -931.9064,
                "Y": -10.1434,
                "FrameIndex": 75,
                "EasingData": {
                  "Type": 0
                },
                "ctype": "PointFrameData"
              }
            ],
            "ctype": "TimelineData"
          },
          {
            "ActionTag": -1879372870,
            "Property": "Scale",
            "Frames": [
              {
                "X": 1.0,
                "Y": 1.0,
                "FrameIndex": 0,
                "EasingData": {
                  "Type": 0
                },
                "ctype": "ScaleValueFrameData"
              },
              {
                "X": 1.0,
                "Y": 1.0,
                "FrameIndex": 30,
                "EasingData": {
                  "Type": 0
                },
                "ctype": "ScaleValueFrameData"
              },
              {
                "X": 1.0,
                "Y": 1.0,
                "FrameIndex": 50,
                "EasingData": {
                  "Type": 0
                },
                "ctype": "ScaleValueFrameData"
              },
              {
                "X": 1.0,
                "Y": 1.0,
                "FrameIndex": 65,
                "EasingData": {
                  "Type": 0
                },
                "ctype": "ScaleValueFrameData"
              },
              {
                "X": 1.0,
                "Y": 1.0,
                "FrameIndex": 75,
                "EasingData": {
                  "Type": 0
                },
                "ctype": "ScaleValueFrameData"
              }
            ],
            "ctype": "TimelineData"
          },
          {
            "ActionTag": -1879372870,
            "Property": "RotationSkew",
            "Frames": [
              {
                "X": 0.0,
                "Y": 0.0,
                "FrameIndex": 0,
                "EasingData": {
                  "Type": 0
                },
                "ctype": "ScaleValueFrameData"
              },
              {
                "X": 0.0,
                "Y": 0.0,
                "FrameIndex": 30,
                "EasingData": {
                  "Type": 0
                },
                "ctype": "ScaleValueFrameData"
              },
              {
                "X": 0.0,
                "Y": 0.0,
                "FrameIndex": 50,
                "EasingData": {
                  "Type": 0
                },
                "ctype": "ScaleValueFrameData"
              },
              {
                "X": 0.0,
                "Y": 0.0,
                "FrameIndex": 65,
                "EasingData": {
                  "Type": 0
                },
                "ctype": "ScaleValueFrameData"
              },
              {
                "X": 0.0,
                "Y": 0.0,
                "FrameIndex": 75,
                "EasingData": {
                  "Type": 0
                },
                "ctype": "ScaleValueFrameData"
              }
            ],
            "ctype": "TimelineData"
          },
          {
            "ActionTag": -1879372870,
            "Property": "VisibleForFrame",
            "Frames": [
              {
                "Value": true,
                "FrameIndex": 0,
                "Tween": false,
                "ctype": "BoolFrameData"
              },
              {
                "Value": true,
                "FrameIndex": 30,
                "Tween": false,
                "ctype": "BoolFrameData"
              },
              {
                "Value": true,
                "FrameIndex": 50,
                "Tween": false,
                "ctype": "BoolFrameData"
              },
              {
                "Value": true,
                "FrameIndex": 65,
                "Tween": false,
                "ctype": "BoolFrameData"
              },
              {
                "Value": true,
                "FrameIndex": 75,
                "Tween": false,
                "ctype": "BoolFrameData"
              }
            ],
            "ctype": "TimelineData"
          }
        ],
        "ctype": "TimelineActionData"
      },
      "AnimationList": [],
      "ObjectData": {
        "Tag": 23,
        "Children": [
          {
            "FlipX": true,
            "FileData": {
              "Type": "Normal",
              "Path": "DDZAction/Airplane/feiji01.png",
              "Plist": ""
            },
            "BlendFunc": {
              "Src": 1,
              "Dst": 771
            },
            "AnchorPoint": {
              "ScaleX": 0.5,
              "ScaleY": 0.5
            },
            "Position": {
              "X": 749.6115,
              "Y": 281.8456
            },
            "Scale": {
              "ScaleX": 1.0,
              "ScaleY": 1.0
            },
            "CColor": {},
            "IconVisible": false,
            "PrePosition": {
              "X": 0.0,
              "Y": 0.0
            },
            "PreSize": {
              "X": 0.0,
              "Y": 0.0
            },
            "LeftMargin": 552.6115,
            "RightMargin": -946.6115,
            "TopMargin": -418.8456,
            "BottomMargin": 144.8456,
            "Tag": 24,
            "ActionTag": -1879372870,
            "Size": {
              "X": 394.0,
              "Y": 274.0
            },
            "Name": "feiji01_1",
            "ctype": "SpriteObjectData"
          },
          {
            "FlipX": true,
            "FileData": {
              "Type": "Normal",
              "Path": "DDZAction/Airplane/feiji02.png",
              "Plist": ""
            },
            "BlendFunc": {
              "Src": 1,
              "Dst": 771
            },
            "AnchorPoint": {
              "ScaleX": 0.5,
              "ScaleY": 0.5
            },
            "Position": {
              "X": 1473.4011,
              "Y": 694.7175
            },
            "Scale": {
              "ScaleX": 1.0,
              "ScaleY": 1.0
            },
            "CColor": {},
            "IconVisible": false,
            "PrePosition": {
              "X": 0.0,
              "Y": 0.0
            },
            "PreSize": {
              "X": 0.0,
              "Y": 0.0
            },
            "LeftMargin": 1276.4011,
            "RightMargin": -1670.4011,
            "TopMargin": -831.7175,
            "BottomMargin": 557.7175,
            "Tag": 25,
            "ActionTag": -1442422830,
            "Size": {
              "X": 394.0,
              "Y": 274.0
            },
            "VisibleForFrame": false,
            "Name": "feiji02_2",
            "ctype": "SpriteObjectData"
          },
          {
            "FlipX": true,
            "FileData": {
              "Type": "Normal",
              "Path": "DDZAction/Airplane/feiji03.png",
              "Plist": ""
            },
            "BlendFunc": {
              "Src": 1,
              "Dst": 771
            },
            "AnchorPoint": {
              "ScaleX": 0.5,
              "ScaleY": 0.5
            },
            "Position": {
              "X": 1473.4011,
              "Y": 694.7175
            },
            "Scale": {
              "ScaleX": 1.0,
              "ScaleY": 1.0
            },
            "CColor": {},
            "IconVisible": false,
            "PrePosition": {
              "X": 0.0,
              "Y": 0.0
            },
            "PreSize": {
              "X": 0.0,
              "Y": 0.0
            },
            "LeftMargin": 1276.4011,
            "RightMargin": -1670.4011,
            "TopMargin": -831.7175,
            "BottomMargin": 557.7175,
            "Tag": 26,
            "ActionTag": -1306560055,
            "Size": {
              "X": 394.0,
              "Y": 274.0
            },
            "VisibleForFrame": false,
            "Name": "feiji03_3",
            "ctype": "SpriteObjectData"
          }
        ],
        "Size": {
          "X": 0.0,
          "Y": 0.0
        },
        "Name": "Node",
        "ctype": "SingleNodeObjectData"
      },
      "UsedResources": [
        "DDZAction/Airplane/feiji01.png",
        "DDZAction/Airplane/feiji02.png",
        "DDZAction/Airplane/feiji03.png"
      ],
      "ctype": "GameFileData"
    }
  },
  "Type": "Node"
}