{
  "ID": "97f23ef2-d6d4-4626-81a5-fb04d6eacc8a",
  "Version": "3.10.0.0",
  "Name": "DDZPlayerSideHandTileNode",
  "Content": {
    "Content": {
      "Animation": {
        "Duration": 0,
        "Speed": 1.0,
        "Timelines": [],
        "ctype": "TimelineActionData"
      },
      "AnimationList": [],
      "ObjectData": {
        "Tag": 773,
        "Children": [
          {
            "FileData": {
              "Type": "MarkedSubImage",
              "Path": "Poker/pic_poker_a1.png",
              "Plist": "Poker.plist"
            },
            "Scale9Width": 86,
            "Scale9Height": 120,
            "AnchorPoint": {
              "ScaleY": 1.0
            },
            "Position": {
              "X": 0.0,
              "Y": 0.0
            },
            "Scale": {
              "ScaleX": 1.4,
              "ScaleY": 1.4
            },
            "RotationSkewX": -90.0,
            "RotationSkewY": -90.0,
            "CColor": {},
            "IconVisible": false,
            "PrePosition": {
              "X": 0.0,
              "Y": 0.0
            },
            "PreSize": {
              "X": 0.0,
              "Y": 0.0
            },
            "RightMargin": -86.0,
            "BottomMargin": -120.0,
            "Tag": 780,
            "ActionTag": -1427641721,
            "Size": {
              "X": 86.0,
              "Y": 120.0
            },
            "Name": "tile_img_0",
            "ctype": "ImageViewObjectData"
          },
          {
            "FileData": {
              "Type": "MarkedSubImage",
              "Path": "Poker/pic_poker_a1.png",
              "Plist": "Poker.plist"
            },
            "Scale9Width": 86,
            "Scale9Height": 120,
            "AnchorPoint": {
              "ScaleY": 1.0
            },
            "Position": {
              "X": 0.0,
              "Y": 54.0
            },
            "Scale": {
              "ScaleX": 1.4,
              "ScaleY": 1.4
            },
            "RotationSkewX": -90.0,
            "RotationSkewY": -90.0,
            "CColor": {},
            "IconVisible": false,
            "PrePosition": {
              "X": 0.0,
              "Y": 0.0
            },
            "PreSize": {
              "X": 0.0,
              "Y": 0.0
            },
            "RightMargin": -86.0,
            "TopMargin": -54.0,
            "BottomMargin": -66.0,
            "Tag": 780,
            "ActionTag": -1427641721,
            "Size": {
              "X": 86.0,
              "Y": 120.0
            },
            "Name": "tile_img_1",
            "ctype": "ImageViewObjectData"
          },
          {
            "FileData": {
              "Type": "MarkedSubImage",
              "Path": "Poker/pic_poker_a1.png",
              "Plist": "Poker.plist"
            },
            "Scale9Width": 86,
            "Scale9Height": 120,
            "AnchorPoint": {
              "ScaleY": 1.0
            },
            "Position": {
              "X": 0.0,
              "Y": 108.0
            },
            "Scale": {
              "ScaleX": 1.4,
              "ScaleY": 1.4
            },
            "RotationSkewX": -90.0,
            "RotationSkewY": -90.0,
            "CColor": {},
            "IconVisible": false,
            "PrePosition": {
              "X": 0.0,
              "Y": 0.0
            },
            "PreSize": {
              "X": 0.0,
              "Y": 0.0
            },
            "RightMargin": -86.0,
            "TopMargin": -108.0,
            "BottomMargin": -12.0,
            "Tag": 780,
            "ActionTag": -1427641721,
            "Size": {
              "X": 86.0,
              "Y": 120.0
            },
            "Name": "tile_img_2",
            "ctype": "ImageViewObjectData"
          },
          {
            "FileData": {
              "Type": "MarkedSubImage",
              "Path": "Poker/pic_poker_a1.png",
              "Plist": "Poker.plist"
            },
            "Scale9Width": 86,
            "Scale9Height": 120,
            "AnchorPoint": {
              "ScaleY": 1.0
            },
            "Position": {
              "X": 0.0,
              "Y": 162.0
            },
            "Scale": {
              "ScaleX": 1.4,
              "ScaleY": 1.4
            },
            "RotationSkewX": -90.0,
            "RotationSkewY": -90.0,
            "CColor": {},
            "IconVisible": false,
            "PrePosition": {
              "X": 0.0,
              "Y": 0.0
            },
            "PreSize": {
              "X": 0.0,
              "Y": 0.0
            },
            "RightMargin": -86.0,
            "TopMargin": -162.0,
            "BottomMargin": 42.0,
            "Tag": 780,
            "ActionTag": -1427641721,
            "Size": {
              "X": 86.0,
              "Y": 120.0
            },
            "Name": "tile_img_3",
            "ctype": "ImageViewObjectData"
          },
          {
            "FileData": {
              "Type": "MarkedSubImage",
              "Path": "Poker/pic_poker_a1.png",
              "Plist": "Poker.plist"
            },
            "Scale9Width": 86,
            "Scale9Height": 120,
            "AnchorPoint": {
              "ScaleY": 1.0
            },
            "Position": {
              "X": 0.0,
              "Y": 216.0
            },
            "Scale": {
              "ScaleX": 1.4,
              "ScaleY": 1.4
            },
            "RotationSkewX": -90.0,
            "RotationSkewY": -90.0,
            "CColor": {},
            "IconVisible": false,
            "PrePosition": {
              "X": 0.0,
              "Y": 0.0
            },
            "PreSize": {
              "X": 0.0,
              "Y": 0.0
            },
            "RightMargin": -86.0,
            "TopMargin": -216.0,
            "BottomMargin": 96.0,
            "Tag": 780,
            "ActionTag": -1427641721,
            "Size": {
              "X": 86.0,
              "Y": 120.0
            },
            "Name": "tile_img_4",
            "ctype": "ImageViewObjectData"
          },
          {
            "FileData": {
              "Type": "MarkedSubImage",
              "Path": "Poker/pic_poker_a1.png",
              "Plist": "Poker.plist"
            },
            "Scale9Width": 86,
            "Scale9Height": 120,
            "AnchorPoint": {
              "ScaleY": 1.0
            },
            "Position": {
              "X": 0.0,
              "Y": 270.0
            },
            "Scale": {
              "ScaleX": 1.4,
              "ScaleY": 1.4
            },
            "RotationSkewX": -90.0,
            "RotationSkewY": -90.0,
            "CColor": {},
            "IconVisible": false,
            "PrePosition": {
              "X": 0.0,
              "Y": 0.0
            },
            "PreSize": {
              "X": 0.0,
              "Y": 0.0
            },
            "RightMargin": -86.0,
            "TopMargin": -270.0,
            "BottomMargin": 150.0,
            "Tag": 780,
            "ActionTag": -1427641721,
            "Size": {
              "X": 86.0,
              "Y": 120.0
            },
            "Name": "tile_img_5",
            "ctype": "ImageViewObjectData"
          },
          {
            "FileData": {
              "Type": "MarkedSubImage",
              "Path": "Poker/pic_poker_a1.png",
              "Plist": "Poker.plist"
            },
            "Scale9Width": 86,
            "Scale9Height": 120,
            "AnchorPoint": {
              "ScaleY": 1.0
            },
            "Position": {
              "X": 0.0,
              "Y": 324.0
            },
            "Scale": {
              "ScaleX": 1.4,
              "ScaleY": 1.4
            },
            "RotationSkewX": -90.0,
            "RotationSkewY": -90.0,
            "CColor": {},
            "IconVisible": false,
            "PrePosition": {
              "X": 0.0,
              "Y": 0.0
            },
            "PreSize": {
              "X": 0.0,
              "Y": 0.0
            },
            "RightMargin": -86.0,
            "TopMargin": -324.0,
            "BottomMargin": 204.0,
            "Tag": 780,
            "ActionTag": -1427641721,
            "Size": {
              "X": 86.0,
              "Y": 120.0
            },
            "Name": "tile_img_6",
            "ctype": "ImageViewObjectData"
          },
          {
            "FileData": {
              "Type": "MarkedSubImage",
              "Path": "Poker/pic_poker_a1.png",
              "Plist": "Poker.plist"
            },
            "Scale9Width": 86,
            "Scale9Height": 120,
            "AnchorPoint": {
              "ScaleY": 1.0
            },
            "Position": {
              "X": 0.0,
              "Y": 378.0
            },
            "Scale": {
              "ScaleX": 1.4,
              "ScaleY": 1.4
            },
            "RotationSkewX": -90.0,
            "RotationSkewY": -90.0,
            "CColor": {},
            "IconVisible": false,
            "PrePosition": {
              "X": 0.0,
              "Y": 0.0
            },
            "PreSize": {
              "X": 0.0,
              "Y": 0.0
            },
            "RightMargin": -86.0,
            "TopMargin": -378.0,
            "BottomMargin": 258.0,
            "Tag": 780,
            "ActionTag": -1427641721,
            "Size": {
              "X": 86.0,
              "Y": 120.0
            },
            "Name": "tile_img_7",
            "ctype": "ImageViewObjectData"
          },
          {
            "FileData": {
              "Type": "MarkedSubImage",
              "Path": "Poker/pic_poker_a1.png",
              "Plist": "Poker.plist"
            },
            "Scale9Width": 86,
            "Scale9Height": 120,
            "AnchorPoint": {
              "ScaleY": 1.0
            },
            "Position": {
              "X": 0.0,
              "Y": 432.0
            },
            "Scale": {
              "ScaleX": 1.4,
              "ScaleY": 1.4
            },
            "RotationSkewX": -90.0,
            "RotationSkewY": -90.0,
            "CColor": {},
            "IconVisible": false,
            "PrePosition": {
              "X": 0.0,
              "Y": 0.0
            },
            "PreSize": {
              "X": 0.0,
              "Y": 0.0
            },
            "RightMargin": -86.0,
            "TopMargin": -432.0,
            "BottomMargin": 312.0,
            "Tag": 780,
            "ActionTag": -1427641721,
            "Size": {
              "X": 86.0,
              "Y": 120.0
            },
            "Name": "tile_img_8",
            "ctype": "ImageViewObjectData"
          },
          {
            "FileData": {
              "Type": "MarkedSubImage",
              "Path": "Poker/pic_poker_a1.png",
              "Plist": "Poker.plist"
            },
            "Scale9Width": 86,
            "Scale9Height": 120,
            "AnchorPoint": {
              "ScaleY": 1.0
            },
            "Position": {
              "X": 0.0,
              "Y": 486.0
            },
            "Scale": {
              "ScaleX": 1.4,
              "ScaleY": 1.4
            },
            "RotationSkewX": -90.0,
            "RotationSkewY": -90.0,
            "CColor": {},
            "IconVisible": false,
            "PrePosition": {
              "X": 0.0,
              "Y": 0.0
            },
            "PreSize": {
              "X": 0.0,
              "Y": 0.0
            },
            "RightMargin": -86.0,
            "TopMargin": -486.0,
            "BottomMargin": 366.0,
            "Tag": 780,
            "ActionTag": -1427641721,
            "Size": {
              "X": 86.0,
              "Y": 120.0
            },
            "Name": "tile_img_9",
            "ctype": "ImageViewObjectData"
          },
          {
            "FileData": {
              "Type": "MarkedSubImage",
              "Path": "Poker/pic_poker_a1.png",
              "Plist": "Poker.plist"
            },
            "Scale9Width": 86,
            "Scale9Height": 120,
            "AnchorPoint": {
              "ScaleY": 1.0
            },
            "Position": {
              "X": 0.0,
              "Y": 540.0
            },
            "Scale": {
              "ScaleX": 1.4,
              "ScaleY": 1.4
            },
            "RotationSkewX": -90.0,
            "RotationSkewY": -90.0,
            "CColor": {},
            "IconVisible": false,
            "PrePosition": {
              "X": 0.0,
              "Y": 0.0
            },
            "PreSize": {
              "X": 0.0,
              "Y": 0.0
            },
            "RightMargin": -86.0,
            "TopMargin": -540.0,
            "BottomMargin": 420.0,
            "Tag": 780,
            "ActionTag": -1427641721,
            "Size": {
              "X": 86.0,
              "Y": 120.0
            },
            "Name": "tile_img_10",
            "ctype": "ImageViewObjectData"
          },
          {
            "FileData": {
              "Type": "MarkedSubImage",
              "Path": "Poker/pic_poker_a1.png",
              "Plist": "Poker.plist"
            },
            "Scale9Width": 86,
            "Scale9Height": 120,
            "AnchorPoint": {
              "ScaleY": 1.0
            },
            "Position": {
              "X": 0.0,
              "Y": 594.0
            },
            "Scale": {
              "ScaleX": 1.4,
              "ScaleY": 1.4
            },
            "RotationSkewX": -90.0,
            "RotationSkewY": -90.0,
            "CColor": {},
            "IconVisible": false,
            "PrePosition": {
              "X": 0.0,
              "Y": 0.0
            },
            "PreSize": {
              "X": 0.0,
              "Y": 0.0
            },
            "RightMargin": -86.0,
            "TopMargin": -594.0,
            "BottomMargin": 474.0,
            "Tag": 780,
            "ActionTag": -1427641721,
            "Size": {
              "X": 86.0,
              "Y": 120.0
            },
            "Name": "tile_img_11",
            "ctype": "ImageViewObjectData"
          },
          {
            "FileData": {
              "Type": "MarkedSubImage",
              "Path": "Poker/pic_poker_a1.png",
              "Plist": "Poker.plist"
            },
            "Scale9Width": 86,
            "Scale9Height": 120,
            "AnchorPoint": {
              "ScaleY": 1.0
            },
            "Position": {
              "X": 0.0,
              "Y": 648.0
            },
            "Scale": {
              "ScaleX": 1.4,
              "ScaleY": 1.4
            },
            "RotationSkewX": -90.0,
            "RotationSkewY": -90.0,
            "CColor": {},
            "IconVisible": false,
            "PrePosition": {
              "X": 0.0,
              "Y": 0.0
            },
            "PreSize": {
              "X": 0.0,
              "Y": 0.0
            },
            "RightMargin": -86.0,
            "TopMargin": -648.0,
            "BottomMargin": 528.0,
            "Tag": 780,
            "ActionTag": -1427641721,
            "Size": {
              "X": 86.0,
              "Y": 120.0
            },
            "Name": "tile_img_12",
            "ctype": "ImageViewObjectData"
          },
          {
            "FileData": {
              "Type": "MarkedSubImage",
              "Path": "Poker/pic_poker_a1.png",
              "Plist": "Poker.plist"
            },
            "Scale9Width": 86,
            "Scale9Height": 120,
            "AnchorPoint": {
              "ScaleY": 1.0
            },
            "Position": {
              "X": 0.0,
              "Y": 702.0
            },
            "Scale": {
              "ScaleX": 1.4,
              "ScaleY": 1.4
            },
            "RotationSkewX": -90.0,
            "RotationSkewY": -90.0,
            "CColor": {},
            "IconVisible": false,
            "PrePosition": {
              "X": 0.0,
              "Y": 0.0
            },
            "PreSize": {
              "X": 0.0,
              "Y": 0.0
            },
            "RightMargin": -86.0,
            "TopMargin": -702.0,
            "BottomMargin": 582.0,
            "Tag": 780,
            "ActionTag": -1427641721,
            "Size": {
              "X": 86.0,
              "Y": 120.0
            },
            "Name": "tile_img_13",
            "ctype": "ImageViewObjectData"
          },
          {
            "FileData": {
              "Type": "MarkedSubImage",
              "Path": "Poker/pic_poker_a1.png",
              "Plist": "Poker.plist"
            },
            "Scale9Width": 86,
            "Scale9Height": 120,
            "AnchorPoint": {
              "ScaleY": 1.0
            },
            "Position": {
              "X": 0.0,
              "Y": 756.0
            },
            "Scale": {
              "ScaleX": 1.4,
              "ScaleY": 1.4
            },
            "RotationSkewX": -90.0,
            "RotationSkewY": -90.0,
            "CColor": {},
            "IconVisible": false,
            "PrePosition": {
              "X": 0.0,
              "Y": 0.0
            },
            "PreSize": {
              "X": 0.0,
              "Y": 0.0
            },
            "RightMargin": -86.0,
            "TopMargin": -756.0,
            "BottomMargin": 636.0,
            "Tag": 780,
            "ActionTag": -1427641721,
            "Size": {
              "X": 86.0,
              "Y": 120.0
            },
            "Name": "tile_img_14",
            "ctype": "ImageViewObjectData"
          },
          {
            "FileData": {
              "Type": "MarkedSubImage",
              "Path": "Poker/pic_poker_a1.png",
              "Plist": "Poker.plist"
            },
            "Scale9Width": 86,
            "Scale9Height": 120,
            "AnchorPoint": {
              "ScaleY": 1.0
            },
            "Position": {
              "X": 0.0,
              "Y": 810.0
            },
            "Scale": {
              "ScaleX": 1.4,
              "ScaleY": 1.4
            },
            "RotationSkewX": -90.0,
            "RotationSkewY": -90.0,
            "CColor": {},
            "IconVisible": false,
            "PrePosition": {
              "X": 0.0,
              "Y": 0.0
            },
            "PreSize": {
              "X": 0.0,
              "Y": 0.0
            },
            "RightMargin": -86.0,
            "TopMargin": -810.0,
            "BottomMargin": 690.0,
            "Tag": 780,
            "ActionTag": -1427641721,
            "Size": {
              "X": 86.0,
              "Y": 120.0
            },
            "Name": "tile_img_15",
            "ctype": "ImageViewObjectData"
          },
          {
            "FileData": {
              "Type": "MarkedSubImage",
              "Path": "Poker/pic_poker_a1.png",
              "Plist": "Poker.plist"
            },
            "Scale9Width": 86,
            "Scale9Height": 120,
            "AnchorPoint": {
              "ScaleY": 1.0
            },
            "Position": {
              "X": 0.0,
              "Y": 864.0
            },
            "Scale": {
              "ScaleX": 1.4,
              "ScaleY": 1.4
            },
            "RotationSkewX": -90.0,
            "RotationSkewY": -90.0,
            "CColor": {},
            "IconVisible": false,
            "PrePosition": {
              "X": 0.0,
              "Y": 0.0
            },
            "PreSize": {
              "X": 0.0,
              "Y": 0.0
            },
            "RightMargin": -86.0,
            "TopMargin": -864.0,
            "BottomMargin": 744.0,
            "Tag": 780,
            "ActionTag": -1427641721,
            "Size": {
              "X": 86.0,
              "Y": 120.0
            },
            "Name": "tile_img_16",
            "ctype": "ImageViewObjectData"
          },
          {
            "FileData": {
              "Type": "MarkedSubImage",
              "Path": "Poker/pic_poker_a1.png",
              "Plist": "Poker.plist"
            },
            "Scale9Width": 86,
            "Scale9Height": 120,
            "AnchorPoint": {
              "ScaleY": 1.0
            },
            "Position": {
              "X": 0.0,
              "Y": 918.0
            },
            "Scale": {
              "ScaleX": 1.4,
              "ScaleY": 1.4
            },
            "RotationSkewX": -90.0,
            "RotationSkewY": -90.0,
            "CColor": {},
            "IconVisible": false,
            "PrePosition": {
              "X": 0.0,
              "Y": 0.0
            },
            "PreSize": {
              "X": 0.0,
              "Y": 0.0
            },
            "RightMargin": -86.0,
            "TopMargin": -918.0,
            "BottomMargin": 798.0,
            "Tag": 780,
            "ActionTag": -1427641721,
            "Size": {
              "X": 86.0,
              "Y": 120.0
            },
            "Name": "tile_img_17",
            "ctype": "ImageViewObjectData"
          },
          {
            "FileData": {
              "Type": "MarkedSubImage",
              "Path": "Poker/pic_poker_a1.png",
              "Plist": "Poker.plist"
            },
            "Scale9Width": 86,
            "Scale9Height": 120,
            "AnchorPoint": {
              "ScaleY": 1.0
            },
            "Position": {
              "X": 0.0,
              "Y": 972.0
            },
            "Scale": {
              "ScaleX": 1.4,
              "ScaleY": 1.4
            },
            "RotationSkewX": -90.0,
            "RotationSkewY": -90.0,
            "CColor": {},
            "IconVisible": false,
            "PrePosition": {
              "X": 0.0,
              "Y": 0.0
            },
            "PreSize": {
              "X": 0.0,
              "Y": 0.0
            },
            "RightMargin": -86.0,
            "TopMargin": -972.0,
            "BottomMargin": 852.0,
            "Tag": 780,
            "ActionTag": -1427641721,
            "Size": {
              "X": 86.0,
              "Y": 120.0
            },
            "Name": "tile_img_18",
            "ctype": "ImageViewObjectData"
          },
          {
            "FileData": {
              "Type": "MarkedSubImage",
              "Path": "Poker/pic_poker_a1.png",
              "Plist": "Poker.plist"
            },
            "Scale9Width": 86,
            "Scale9Height": 120,
            "AnchorPoint": {
              "ScaleY": 1.0
            },
            "Position": {
              "X": 0.0,
              "Y": 1026.0
            },
            "Scale": {
              "ScaleX": 1.4,
              "ScaleY": 1.4
            },
            "RotationSkewX": -90.0,
            "RotationSkewY": -90.0,
            "CColor": {},
            "IconVisible": false,
            "PrePosition": {
              "X": 0.0,
              "Y": 0.0
            },
            "PreSize": {
              "X": 0.0,
              "Y": 0.0
            },
            "RightMargin": -86.0,
            "TopMargin": -1026.0,
            "BottomMargin": 906.0,
            "Tag": 780,
            "ActionTag": -1427641721,
            "Size": {
              "X": 86.0,
              "Y": 120.0
            },
            "Name": "tile_img_19",
            "ctype": "ImageViewObjectData"
          },
          {
            "FileData": {
              "Type": "MarkedSubImage",
              "Path": "Poker/pic_poker_a1.png",
              "Plist": "Poker.plist"
            },
            "Scale9Width": 86,
            "Scale9Height": 120,
            "AnchorPoint": {
              "ScaleY": 1.0
            },
            "Position": {
              "X": 0.0,
              "Y": 1080.0
            },
            "Scale": {
              "ScaleX": 1.4,
              "ScaleY": 1.4
            },
            "RotationSkewX": -90.0,
            "RotationSkewY": -90.0,
            "CColor": {},
            "IconVisible": false,
            "PrePosition": {
              "X": 0.0,
              "Y": 0.0
            },
            "PreSize": {
              "X": 0.0,
              "Y": 0.0
            },
            "RightMargin": -86.0,
            "TopMargin": -1080.0,
            "BottomMargin": 960.0,
            "Tag": 1291,
            "ActionTag": -898842775,
            "Size": {
              "X": 86.0,
              "Y": 120.0
            },
            "Name": "tile_img_20",
            "ctype": "ImageViewObjectData"
          }
        ],
        "Size": {
          "X": 0.0,
          "Y": 0.0
        },
        "Name": "Node",
        "ctype": "SingleNodeObjectData"
      },
      "UsedResources": [
        "Poker.plist",
        "Poker.png"
      ],
      "ctype": "GameFileData"
    }
  },
  "Type": "Node"
}