{
  "ID": "835acd37-2827-40b4-8456-6bdd177c5982",
  "Version": "3.10.0.0",
  "Name": "DDZPlayerTileNode",
  "Content": {
    "Content": {
      "Animation": {
        "Duration": 0,
        "Speed": 1.0,
        "Timelines": [],
        "ctype": "TimelineActionData"
      },
      "AnimationList": [],
      "ObjectData": {
        "Tag": 773,
        "Children": [
          {
            "FileData": {
              "Type": "MarkedSubImage",
              "Path": "Poker/pic_poker_a1.png",
              "Plist": "Poker.plist"
            },
            "Scale9Width": 86,
            "Scale9Height": 120,
            "AnchorPoint": {},
            "Position": {
              "X": 0.0,
              "Y": 0.0
            },
            "Scale": {
              "ScaleX": 1.28,
              "ScaleY": 1.28
            },
            "CColor": {},
            "IconVisible": false,
            "PrePosition": {
              "X": 0.0,
              "Y": 0.0
            },
            "PreSize": {
              "X": 0.0,
              "Y": 0.0
            },
            "RightMargin": -86.0,
            "TopMargin": -120.0,
            "Tag": 776,
            "ActionTag": -2015782756,
            "Size": {
              "X": 86.0,
              "Y": 120.0
            },
            "Name": "tile_img_0",
            "ctype": "ImageViewObjectData"
          },
          {
            "FileData": {
              "Type": "MarkedSubImage",
              "Path": "Poker/pic_poker_a1.png",
              "Plist": "Poker.plist"
            },
            "Scale9Width": 86,
            "Scale9Height": 120,
            "AnchorPoint": {},
            "Position": {
              "X": 40.0,
              "Y": 0.0
            },
            "Scale": {
              "ScaleX": 1.28,
              "ScaleY": 1.28
            },
            "CColor": {},
            "IconVisible": false,
            "PrePosition": {
              "X": 0.0,
              "Y": 0.0
            },
            "PreSize": {
              "X": 0.0,
              "Y": 0.0
            },
            "LeftMargin": 40.0,
            "RightMargin": -126.0,
            "TopMargin": -120.0,
            "Tag": 778,
            "ActionTag": 589191562,
            "Size": {
              "X": 86.0,
              "Y": 120.0
            },
            "Name": "tile_img_1",
            "ctype": "ImageViewObjectData"
          },
          {
            "FileData": {
              "Type": "MarkedSubImage",
              "Path": "Poker/pic_poker_a1.png",
              "Plist": "Poker.plist"
            },
            "Scale9Width": 86,
            "Scale9Height": 120,
            "AnchorPoint": {},
            "Position": {
              "X": 80.0,
              "Y": 0.0
            },
            "Scale": {
              "ScaleX": 1.28,
              "ScaleY": 1.28
            },
            "CColor": {},
            "IconVisible": false,
            "PrePosition": {
              "X": 0.0,
              "Y": 0.0
            },
            "PreSize": {
              "X": 0.0,
              "Y": 0.0
            },
            "LeftMargin": 80.0,
            "RightMargin": -166.0,
            "TopMargin": -120.0,
            "Tag": 780,
            "ActionTag": -1427641721,
            "Size": {
              "X": 86.0,
              "Y": 120.0
            },
            "Name": "tile_img_2",
            "ctype": "ImageViewObjectData"
          },
          {
            "FileData": {
              "Type": "MarkedSubImage",
              "Path": "Poker/pic_poker_a1.png",
              "Plist": "Poker.plist"
            },
            "Scale9Width": 86,
            "Scale9Height": 120,
            "AnchorPoint": {},
            "Position": {
              "X": 120.0,
              "Y": 0.0
            },
            "Scale": {
              "ScaleX": 1.28,
              "ScaleY": 1.28
            },
            "CColor": {},
            "IconVisible": false,
            "PrePosition": {
              "X": 0.0,
              "Y": 0.0
            },
            "PreSize": {
              "X": 0.0,
              "Y": 0.0
            },
            "LeftMargin": 120.0,
            "RightMargin": -206.0,
            "TopMargin": -120.0,
            "Tag": 782,
            "ActionTag": 942636611,
            "Size": {
              "X": 86.0,
              "Y": 120.0
            },
            "Name": "tile_img_3",
            "ctype": "ImageViewObjectData"
          },
          {
            "FileData": {
              "Type": "MarkedSubImage",
              "Path": "Poker/pic_poker_a1.png",
              "Plist": "Poker.plist"
            },
            "Scale9Width": 86,
            "Scale9Height": 120,
            "AnchorPoint": {},
            "Position": {
              "X": 160.0,
              "Y": 0.0
            },
            "Scale": {
              "ScaleX": 1.28,
              "ScaleY": 1.28
            },
            "CColor": {},
            "IconVisible": false,
            "PrePosition": {
              "X": 0.0,
              "Y": 0.0
            },
            "PreSize": {
              "X": 0.0,
              "Y": 0.0
            },
            "LeftMargin": 160.0,
            "RightMargin": -246.0,
            "TopMargin": -120.0,
            "Tag": 784,
            "ActionTag": 123902025,
            "Size": {
              "X": 86.0,
              "Y": 120.0
            },
            "Name": "tile_img_4",
            "ctype": "ImageViewObjectData"
          },
          {
            "FileData": {
              "Type": "MarkedSubImage",
              "Path": "Poker/pic_poker_a1.png",
              "Plist": "Poker.plist"
            },
            "Scale9Width": 86,
            "Scale9Height": 120,
            "AnchorPoint": {},
            "Position": {
              "X": 200.0,
              "Y": 0.0
            },
            "Scale": {
              "ScaleX": 1.28,
              "ScaleY": 1.28
            },
            "CColor": {},
            "IconVisible": false,
            "PrePosition": {
              "X": 0.0,
              "Y": 0.0
            },
            "PreSize": {
              "X": 0.0,
              "Y": 0.0
            },
            "LeftMargin": 200.0,
            "RightMargin": -286.0,
            "TopMargin": -120.0,
            "Tag": 234,
            "ActionTag": -236889349,
            "Size": {
              "X": 86.0,
              "Y": 120.0
            },
            "Name": "tile_img_5",
            "ctype": "ImageViewObjectData"
          },
          {
            "FileData": {
              "Type": "MarkedSubImage",
              "Path": "Poker/pic_poker_a1.png",
              "Plist": "Poker.plist"
            },
            "Scale9Width": 86,
            "Scale9Height": 120,
            "AnchorPoint": {},
            "Position": {
              "X": 240.0,
              "Y": 0.0898
            },
            "Scale": {
              "ScaleX": 1.28,
              "ScaleY": 1.28
            },
            "CColor": {},
            "IconVisible": false,
            "PrePosition": {
              "X": 0.0,
              "Y": 0.0
            },
            "PreSize": {
              "X": 0.0,
              "Y": 0.0
            },
            "LeftMargin": 240.0,
            "RightMargin": -326.0,
            "TopMargin": -120.0898,
            "BottomMargin": 0.0898,
            "Tag": 235,
            "ActionTag": -940670131,
            "Size": {
              "X": 86.0,
              "Y": 120.0
            },
            "Name": "tile_img_6",
            "ctype": "ImageViewObjectData"
          },
          {
            "FileData": {
              "Type": "MarkedSubImage",
              "Path": "Poker/pic_poker_a1.png",
              "Plist": "Poker.plist"
            },
            "Scale9Width": 86,
            "Scale9Height": 120,
            "AnchorPoint": {},
            "Position": {
              "X": 280.0,
              "Y": 0.0898
            },
            "Scale": {
              "ScaleX": 1.28,
              "ScaleY": 1.28
            },
            "CColor": {},
            "IconVisible": false,
            "PrePosition": {
              "X": 0.0,
              "Y": 0.0
            },
            "PreSize": {
              "X": 0.0,
              "Y": 0.0
            },
            "LeftMargin": 280.0,
            "RightMargin": -366.0,
            "TopMargin": -120.0898,
            "BottomMargin": 0.0898,
            "Tag": 236,
            "ActionTag": 585420212,
            "Size": {
              "X": 86.0,
              "Y": 120.0
            },
            "Name": "tile_img_7",
            "ctype": "ImageViewObjectData"
          },
          {
            "FileData": {
              "Type": "MarkedSubImage",
              "Path": "Poker/pic_poker_a1.png",
              "Plist": "Poker.plist"
            },
            "Scale9Width": 86,
            "Scale9Height": 120,
            "AnchorPoint": {},
            "Position": {
              "X": 320.0,
              "Y": 0.0898
            },
            "Scale": {
              "ScaleX": 1.28,
              "ScaleY": 1.28
            },
            "CColor": {},
            "IconVisible": false,
            "PrePosition": {
              "X": 0.0,
              "Y": 0.0
            },
            "PreSize": {
              "X": 0.0,
              "Y": 0.0
            },
            "LeftMargin": 320.0,
            "RightMargin": -406.0,
            "TopMargin": -120.0898,
            "BottomMargin": 0.0898,
            "Tag": 237,
            "ActionTag": 998972238,
            "Size": {
              "X": 86.0,
              "Y": 120.0
            },
            "Name": "tile_img_8",
            "ctype": "ImageViewObjectData"
          },
          {
            "FileData": {
              "Type": "MarkedSubImage",
              "Path": "Poker/pic_poker_a1.png",
              "Plist": "Poker.plist"
            },
            "Scale9Width": 86,
            "Scale9Height": 120,
            "AnchorPoint": {},
            "Position": {
              "X": 360.0,
              "Y": 0.0898
            },
            "Scale": {
              "ScaleX": 1.28,
              "ScaleY": 1.28
            },
            "CColor": {},
            "IconVisible": false,
            "PrePosition": {
              "X": 0.0,
              "Y": 0.0
            },
            "PreSize": {
              "X": 0.0,
              "Y": 0.0
            },
            "LeftMargin": 360.0,
            "RightMargin": -446.0,
            "TopMargin": -120.0898,
            "BottomMargin": 0.0898,
            "Tag": 238,
            "ActionTag": -779454077,
            "Size": {
              "X": 86.0,
              "Y": 120.0
            },
            "Name": "tile_img_9",
            "ctype": "ImageViewObjectData"
          },
          {
            "FileData": {
              "Type": "MarkedSubImage",
              "Path": "Poker/pic_poker_a1.png",
              "Plist": "Poker.plist"
            },
            "Scale9Width": 86,
            "Scale9Height": 120,
            "AnchorPoint": {},
            "Position": {
              "X": 400.0,
              "Y": 0.0898
            },
            "Scale": {
              "ScaleX": 1.28,
              "ScaleY": 1.28
            },
            "CColor": {},
            "IconVisible": false,
            "PrePosition": {
              "X": 0.0,
              "Y": 0.0
            },
            "PreSize": {
              "X": 0.0,
              "Y": 0.0
            },
            "LeftMargin": 400.0,
            "RightMargin": -486.0,
            "TopMargin": -120.0898,
            "BottomMargin": 0.0898,
            "Tag": 239,
            "ActionTag": -481042611,
            "Size": {
              "X": 86.0,
              "Y": 120.0
            },
            "Name": "tile_img_10",
            "ctype": "ImageViewObjectData"
          },
          {
            "FileData": {
              "Type": "MarkedSubImage",
              "Path": "Poker/pic_poker_a1.png",
              "Plist": "Poker.plist"
            },
            "Scale9Width": 86,
            "Scale9Height": 120,
            "AnchorPoint": {},
            "Position": {
              "X": 440.0,
              "Y": 0.0898
            },
            "Scale": {
              "ScaleX": 1.28,
              "ScaleY": 1.28
            },
            "CColor": {},
            "IconVisible": false,
            "PrePosition": {
              "X": 0.0,
              "Y": 0.0
            },
            "PreSize": {
              "X": 0.0,
              "Y": 0.0
            },
            "LeftMargin": 440.0,
            "RightMargin": -526.0,
            "TopMargin": -120.0898,
            "BottomMargin": 0.0898,
            "Tag": 240,
            "ActionTag": -127126154,
            "Size": {
              "X": 86.0,
              "Y": 120.0
            },
            "Name": "tile_img_11",
            "ctype": "ImageViewObjectData"
          },
          {
            "FileData": {
              "Type": "MarkedSubImage",
              "Path": "Poker/pic_poker_a1.png",
              "Plist": "Poker.plist"
            },
            "Scale9Width": 86,
            "Scale9Height": 120,
            "AnchorPoint": {},
            "Position": {
              "X": 480.0,
              "Y": 0.0898
            },
            "Scale": {
              "ScaleX": 1.28,
              "ScaleY": 1.28
            },
            "CColor": {},
            "IconVisible": false,
            "PrePosition": {
              "X": 0.0,
              "Y": 0.0
            },
            "PreSize": {
              "X": 0.0,
              "Y": 0.0
            },
            "LeftMargin": 480.0,
            "RightMargin": -566.0,
            "TopMargin": -120.0898,
            "BottomMargin": 0.0898,
            "Tag": 241,
            "ActionTag": 1471074603,
            "Size": {
              "X": 86.0,
              "Y": 120.0
            },
            "Name": "tile_img_12",
            "ctype": "ImageViewObjectData"
          },
          {
            "FileData": {
              "Type": "MarkedSubImage",
              "Path": "Poker/pic_poker_a1.png",
              "Plist": "Poker.plist"
            },
            "Scale9Width": 86,
            "Scale9Height": 120,
            "AnchorPoint": {},
            "Position": {
              "X": 520.0,
              "Y": 0.0898
            },
            "Scale": {
              "ScaleX": 1.28,
              "ScaleY": 1.28
            },
            "CColor": {},
            "IconVisible": false,
            "PrePosition": {
              "X": 0.0,
              "Y": 0.0
            },
            "PreSize": {
              "X": 0.0,
              "Y": 0.0
            },
            "LeftMargin": 520.0,
            "RightMargin": -606.0,
            "TopMargin": -120.0898,
            "BottomMargin": 0.0898,
            "Tag": 242,
            "ActionTag": 373327691,
            "Size": {
              "X": 86.0,
              "Y": 120.0
            },
            "Name": "tile_img_13",
            "ctype": "ImageViewObjectData"
          },
          {
            "FileData": {
              "Type": "MarkedSubImage",
              "Path": "Poker/pic_poker_a1.png",
              "Plist": "Poker.plist"
            },
            "Scale9Width": 86,
            "Scale9Height": 120,
            "AnchorPoint": {},
            "Position": {
              "X": 560.0,
              "Y": 0.0898
            },
            "Scale": {
              "ScaleX": 1.28,
              "ScaleY": 1.28
            },
            "CColor": {},
            "IconVisible": false,
            "PrePosition": {
              "X": 0.0,
              "Y": 0.0
            },
            "PreSize": {
              "X": 0.0,
              "Y": 0.0
            },
            "LeftMargin": 560.0,
            "RightMargin": -646.0,
            "TopMargin": -120.0898,
            "BottomMargin": 0.0898,
            "Tag": 243,
            "ActionTag": -1655534656,
            "Size": {
              "X": 86.0,
              "Y": 120.0
            },
            "Name": "tile_img_14",
            "ctype": "ImageViewObjectData"
          },
          {
            "FileData": {
              "Type": "MarkedSubImage",
              "Path": "Poker/pic_poker_a1.png",
              "Plist": "Poker.plist"
            },
            "Scale9Width": 86,
            "Scale9Height": 120,
            "AnchorPoint": {},
            "Position": {
              "X": 600.0,
              "Y": 0.0898
            },
            "Scale": {
              "ScaleX": 1.28,
              "ScaleY": 1.28
            },
            "CColor": {},
            "IconVisible": false,
            "PrePosition": {
              "X": 0.0,
              "Y": 0.0
            },
            "PreSize": {
              "X": 0.0,
              "Y": 0.0
            },
            "LeftMargin": 600.0,
            "RightMargin": -686.0,
            "TopMargin": -120.0898,
            "BottomMargin": 0.0898,
            "Tag": 244,
            "ActionTag": -1467422495,
            "Size": {
              "X": 86.0,
              "Y": 120.0
            },
            "Name": "tile_img_15",
            "ctype": "ImageViewObjectData"
          },
          {
            "FileData": {
              "Type": "MarkedSubImage",
              "Path": "Poker/pic_poker_a1.png",
              "Plist": "Poker.plist"
            },
            "Scale9Width": 86,
            "Scale9Height": 120,
            "AnchorPoint": {},
            "Position": {
              "X": 640.0,
              "Y": 0.0898
            },
            "Scale": {
              "ScaleX": 1.28,
              "ScaleY": 1.28
            },
            "CColor": {},
            "IconVisible": false,
            "PrePosition": {
              "X": 0.0,
              "Y": 0.0
            },
            "PreSize": {
              "X": 0.0,
              "Y": 0.0
            },
            "LeftMargin": 640.0,
            "RightMargin": -726.0,
            "TopMargin": -120.0898,
            "BottomMargin": 0.0898,
            "Tag": 245,
            "ActionTag": -731914038,
            "Size": {
              "X": 86.0,
              "Y": 120.0
            },
            "Name": "tile_img_16",
            "ctype": "ImageViewObjectData"
          },
          {
            "FileData": {
              "Type": "MarkedSubImage",
              "Path": "Poker/pic_poker_a1.png",
              "Plist": "Poker.plist"
            },
            "Scale9Width": 86,
            "Scale9Height": 120,
            "AnchorPoint": {},
            "Position": {
              "X": 680.0,
              "Y": 0.0898
            },
            "Scale": {
              "ScaleX": 1.28,
              "ScaleY": 1.28
            },
            "CColor": {},
            "IconVisible": false,
            "PrePosition": {
              "X": 0.0,
              "Y": 0.0
            },
            "PreSize": {
              "X": 0.0,
              "Y": 0.0
            },
            "LeftMargin": 680.0,
            "RightMargin": -766.0,
            "TopMargin": -120.0898,
            "BottomMargin": 0.0898,
            "Tag": 246,
            "ActionTag": -465643793,
            "Size": {
              "X": 86.0,
              "Y": 120.0
            },
            "Name": "tile_img_17",
            "ctype": "ImageViewObjectData"
          },
          {
            "FileData": {
              "Type": "MarkedSubImage",
              "Path": "Poker/pic_poker_a1.png",
              "Plist": "Poker.plist"
            },
            "Scale9Width": 86,
            "Scale9Height": 120,
            "AnchorPoint": {},
            "Position": {
              "X": 720.0,
              "Y": 0.0898
            },
            "Scale": {
              "ScaleX": 1.28,
              "ScaleY": 1.28
            },
            "CColor": {},
            "IconVisible": false,
            "PrePosition": {
              "X": 0.0,
              "Y": 0.0
            },
            "PreSize": {
              "X": 0.0,
              "Y": 0.0
            },
            "LeftMargin": 720.0,
            "RightMargin": -806.0,
            "TopMargin": -120.0898,
            "BottomMargin": 0.0898,
            "Tag": 247,
            "ActionTag": -402340077,
            "Size": {
              "X": 86.0,
              "Y": 120.0
            },
            "Name": "tile_img_18",
            "ctype": "ImageViewObjectData"
          },
          {
            "FileData": {
              "Type": "MarkedSubImage",
              "Path": "Poker/pic_poker_a1.png",
              "Plist": "Poker.plist"
            },
            "Scale9Width": 86,
            "Scale9Height": 120,
            "AnchorPoint": {},
            "Position": {
              "X": 760.0,
              "Y": 0.0898
            },
            "Scale": {
              "ScaleX": 1.28,
              "ScaleY": 1.28
            },
            "CColor": {},
            "IconVisible": false,
            "PrePosition": {
              "X": 0.0,
              "Y": 0.0
            },
            "PreSize": {
              "X": 0.0,
              "Y": 0.0
            },
            "LeftMargin": 760.0,
            "RightMargin": -846.0,
            "TopMargin": -120.0898,
            "BottomMargin": 0.0898,
            "Tag": 248,
            "ActionTag": -1970907242,
            "Size": {
              "X": 86.0,
              "Y": 120.0
            },
            "Name": "tile_img_19",
            "ctype": "ImageViewObjectData"
          },
          {
            "FileData": {
              "Type": "MarkedSubImage",
              "Path": "Poker/pic_poker_a1.png",
              "Plist": "Poker.plist"
            },
            "Scale9Width": 86,
            "Scale9Height": 120,
            "AnchorPoint": {},
            "Position": {
              "X": 800.0,
              "Y": 0.06
            },
            "Scale": {
              "ScaleX": 1.28,
              "ScaleY": 1.28
            },
            "CColor": {},
            "IconVisible": false,
            "PrePosition": {
              "X": 0.0,
              "Y": 0.0
            },
            "PreSize": {
              "X": 0.0,
              "Y": 0.0
            },
            "LeftMargin": 800.0,
            "RightMargin": -886.0,
            "TopMargin": -120.06,
            "BottomMargin": 0.06,
            "Tag": 1313,
            "ActionTag": 1135327200,
            "Size": {
              "X": 86.0,
              "Y": 120.0
            },
            "Name": "tile_img_20",
            "ctype": "ImageViewObjectData"
          }
        ],
        "Size": {
          "X": 0.0,
          "Y": 0.0
        },
        "Name": "Node",
        "ctype": "SingleNodeObjectData"
      },
      "UsedResources": [
        "Poker.plist",
        "Poker.png"
      ],
      "ctype": "GameFileData"
    }
  },
  "Type": "Node"
}