{
  "ID": "c6cb145f-d8a8-4438-8992-5432fc7a84a8",
  "Version": "3.10.0.0",
  "Name": "InfoUI",
  "Content": {
    "Content": {
      "Animation": {
        "Duration": 0,
        "Speed": 1.0,
        "Timelines": [],
        "ctype": "TimelineActionData"
      },
      "AnimationList": [],
      "ObjectData": {
        "Tag": 2827,
        "Children": [
          {
            "ClipAble": false,
            "BackColorAlpha": 178,
            "ComboBoxIndex": 1,
            "SingleColor": {
              "R": 0,
              "G": 0,
              "B": 0
            },
            "FirstColor": {
              "R": 150,
              "G": 200
            },
            "EndColor": {},
            "ColorVector": {
              "ScaleY": 1.0
            },
            "Scale9Width": 1,
            "Scale9Height": 1,
            "TouchEnable": true,
            "AnchorPoint": {},
            "Position": {
              "X": 0.0,
              "Y": 0.0
            },
            "Scale": {
              "ScaleX": 1.0,
              "ScaleY": 1.0
            },
            "CColor": {},
            "IconVisible": false,
            "PrePosition": {
              "X": 0.0,
              "Y": 0.0
            },
            "PercentWidthEnable": true,
            "PercentHeightEnable": true,
            "PercentWidthEnabled": true,
            "PercentHeightEnabled": true,
            "PreSize": {
              "X": 1.0,
              "Y": 1.0
            },
            "Tag": 121,
            "ActionTag": -1638156003,
            "Size": {
              "X": 1280.0,
              "Y": 720.0
            },
            "Name": "bg_panel",
            "ctype": "PanelObjectData"
          },
          {
            "ClipAble": false,
            "BackColorAlpha": 102,
            "FileData": {
              "Type": "Normal",
              "Path": "BackGround/player_win.png",
              "Plist": ""
            },
            "SingleColor": {
              "R": 150,
              "G": 200
            },
            "FirstColor": {
              "R": 150,
              "G": 200
            },
            "EndColor": {},
            "ColorVector": {
              "ScaleY": 1.0
            },
            "Scale9Enable": true,
            "Scale9OriginX": 100,
            "Scale9OriginY": 100,
            "Scale9Width": 414,
            "Scale9Height": 185,
            "TouchEnable": true,
            "AnchorPoint": {
              "ScaleX": 0.5,
              "ScaleY": 0.5
            },
            "Position": {
              "X": 640.0,
              "Y": 360.0
            },
            "Scale": {
              "ScaleX": 1.0,
              "ScaleY": 1.0
            },
            "CColor": {},
            "IconVisible": false,
            "PositionPercentXEnabled": true,
            "PositionPercentYEnabled": true,
            "PrePosition": {
              "X": 0.5,
              "Y": 0.5
            },
            "PreSize": {
              "X": 0.4797,
              "Y": 0.5347
            },
            "LeftMargin": 333.0,
            "RightMargin": 333.0,
            "TopMargin": 167.5,
            "BottomMargin": 167.5,
            "Tag": 2829,
            "Children": [
              {
                "IsCustomSize": true,
                "FontSize": 30,
                "LabelText": "与服务器断开连接，请稍后重新登录游戏！",
                "FontResource": {
                  "Type": "Normal",
                  "Path": "font/zhunyuan.ttf",
                  "Plist": ""
                },
                "HorizontalAlignmentType": "HT_Center",
                "VerticalAlignmentType": "VT_Center",
                "OutlineColor": {
                  "G": 0,
                  "B": 0
                },
                "ShadowColor": {
                  "R": 110,
                  "G": 110,
                  "B": 110
                },
                "ShadowOffsetX": 2.0,
                "ShadowOffsetY": -2.0,
                "AnchorPoint": {
                  "ScaleX": 0.5,
                  "ScaleY": 0.5
                },
                "Position": {
                  "X": 310.4998,
                  "Y": 211.75
                },
                "Scale": {
                  "ScaleX": 1.0,
                  "ScaleY": 1.0
                },
                "CColor": {
                  "R": 158,
                  "G": 66,
                  "B": 26
                },
                "IconVisible": false,
                "PositionPercentXEnabled": true,
                "PositionPercentYEnabled": true,
                "PrePosition": {
                  "X": 0.5057,
                  "Y": 0.55
                },
                "PreSize": {
                  "X": 0.8143,
                  "Y": 0.7792
                },
                "LeftMargin": 60.4998,
                "RightMargin": 53.5002,
                "TopMargin": 23.25,
                "BottomMargin": 61.75,
                "Tag": 2831,
                "ActionTag": 1539582924,
                "Size": {
                  "X": 500.0,
                  "Y": 300.0
                },
                "Name": "content_label",
                "ctype": "TextObjectData"
              },
              {
                "FontSize": 14,
                "ButtonText": "",
                "TextColor": {
                  "R": 65,
                  "G": 65,
                  "B": 70
                },
                "NormalFileData": {
                  "Type": "Normal",
                  "Path": "Default/return_btn.png",
                  "Plist": ""
                },
                "Scale9Enable": true,
                "Scale9OriginX": 15,
                "Scale9OriginY": 11,
                "Scale9Width": 12,
                "Scale9Height": 20,
                "OutlineColor": {
                  "G": 0,
                  "B": 0
                },
                "ShadowColor": {
                  "R": 110,
                  "G": 110,
                  "B": 110
                },
                "ShadowOffsetX": 2.0,
                "ShadowOffsetY": -2.0,
                "TouchEnable": true,
                "AnchorPoint": {
                  "ScaleX": 0.5,
                  "ScaleY": 0.5
                },
                "Position": {
                  "X": 558.74,
                  "Y": 342.65
                },
                "Scale": {
                  "ScaleX": 1.0,
                  "ScaleY": 1.0
                },
                "CColor": {},
                "IconVisible": false,
                "PositionPercentXEnabled": true,
                "PositionPercentYEnabled": true,
                "PrePosition": {
                  "X": 0.91,
                  "Y": 0.89
                },
                "PreSize": {
                  "X": 0.0684,
                  "Y": 0.1091
                },
                "LeftMargin": 537.74,
                "RightMargin": 34.26,
                "TopMargin": 21.35,
                "BottomMargin": 321.65,
                "Tag": 2830,
                "ActionTag": -2134665670,
                "Size": {
                  "X": 42.0,
                  "Y": 42.0
                },
                "VisibleForFrame": false,
                "Name": "confirm_btn",
                "ctype": "ButtonObjectData"
              },
              {
                "FontSize": 14,
                "ButtonText": "",
                "TextColor": {
                  "R": 65,
                  "G": 65,
                  "B": 70
                },
                "NormalFileData": {
                  "Type": "Normal",
                  "Path": "Default/sure_btn.png",
                  "Plist": ""
                },
                "Scale9Enable": true,
                "Scale9OriginX": 15,
                "Scale9OriginY": 11,
                "Scale9Width": 152,
                "Scale9Height": 55,
                "OutlineColor": {
                  "G": 0,
                  "B": 0
                },
                "ShadowColor": {
                  "R": 110,
                  "G": 110,
                  "B": 110
                },
                "ShadowOffsetX": 2.0,
                "ShadowOffsetY": -2.0,
                "TouchEnable": true,
                "AnchorPoint": {
                  "ScaleX": 0.5,
                  "ScaleY": 0.5
                },
                "Position": {
                  "X": 307.0,
                  "Y": 96.25
                },
                "Scale": {
                  "ScaleX": 1.0,
                  "ScaleY": 1.0
                },
                "CColor": {},
                "IconVisible": false,
                "PositionPercentXEnabled": true,
                "PositionPercentYEnabled": true,
                "PrePosition": {
                  "X": 0.5,
                  "Y": 0.25
                },
                "PreSize": {
                  "X": 0.2964,
                  "Y": 0.2
                },
                "LeftMargin": 216.0,
                "RightMargin": 216.0,
                "TopMargin": 250.25,
                "BottomMargin": 57.75,
                "Tag": 623,
                "ActionTag": -1616775282,
                "Size": {
                  "X": 182.0,
                  "Y": 77.0
                },
                "Name": "return_btn",
                "ctype": "ButtonObjectData"
              }
            ],
            "ActionTag": 148716320,
            "Size": {
              "X": 614.0,
              "Y": 385.0
            },
            "Name": "info_panel",
            "ctype": "PanelObjectData"
          }
        ],
        "Size": {
          "X": 1280.0,
          "Y": 720.0
        },
        "Name": "Layer",
        "ctype": "LayerObjectData"
      },
      "UsedResources": [
        "BackGround/player_win.png",
        "Default/return_btn.png",
        "Default/sure_btn.png",
        "font/zhunyuan.ttf"
      ],
      "ctype": "GameFileData"
    }
  },
  "Type": "Layer"
}