{
  "ID": "e68c6cca-92d5-428e-bb19-3179756b5409",
  "Version": "3.10.0.0",
  "Name": "IntroUI",
  "Content": {
    "Content": {
      "Animation": {
        "Duration": 0,
        "Speed": 1.0,
        "Timelines": [],
        "ctype": "TimelineActionData"
      },
      "AnimationList": [],
      "ObjectData": {
        "Tag": 68,
        "Children": [
          {
            "ClipAble": false,
            "BackColorAlpha": 178,
            "ComboBoxIndex": 1,
            "SingleColor": {
              "R": 0,
              "G": 0,
              "B": 0
            },
            "FirstColor": {
              "R": 150,
              "G": 200
            },
            "EndColor": {},
            "ColorVector": {
              "ScaleY": 1.0
            },
            "Scale9Width": 1,
            "Scale9Height": 1,
            "TouchEnable": true,
            "AnchorPoint": {},
            "Position": {
              "X": 0.0,
              "Y": 0.0
            },
            "Scale": {
              "ScaleX": 1.0,
              "ScaleY": 1.0
            },
            "CColor": {},
            "IconVisible": false,
            "PrePosition": {
              "X": 0.0,
              "Y": 0.0
            },
            "PercentWidthEnable": true,
            "PercentHeightEnable": true,
            "PercentWidthEnabled": true,
            "PercentHeightEnabled": true,
            "PreSize": {
              "X": 1.0,
              "Y": 1.0
            },
            "Tag": 594,
            "ActionTag": 1043296230,
            "Size": {
              "X": 1280.0,
              "Y": 720.0
            },
            "Name": "bg_panel",
            "ctype": "PanelObjectData"
          },
          {
            "ClipAble": false,
            "BackColorAlpha": 102,
            "FileData": {
              "Type": "Normal",
              "Path": "Default/common_bg_big.png",
              "Plist": ""
            },
            "SingleColor": {
              "R": 150,
              "G": 200
            },
            "FirstColor": {
              "R": 150,
              "G": 200
            },
            "EndColor": {},
            "ColorVector": {
              "ScaleY": 1.0
            },
            "Scale9Enable": true,
            "Scale9OriginX": 20,
            "Scale9OriginY": 20,
            "Scale9Width": 275,
            "Scale9Height": 89,
            "TouchEnable": true,
            "AnchorPoint": {
              "ScaleX": 0.5,
              "ScaleY": 0.5
            },
            "Position": {
              "X": 640.0,
              "Y": 360.0
            },
            "Scale": {
              "ScaleX": 1.0,
              "ScaleY": 1.0
            },
            "CColor": {},
            "IconVisible": false,
            "PositionPercentXEnabled": true,
            "PositionPercentYEnabled": true,
            "PrePosition": {
              "X": 0.5,
              "Y": 0.5
            },
            "PreSize": {
              "X": 0.4688,
              "Y": 0.6944
            },
            "LeftMargin": 340.0,
            "RightMargin": 340.0,
            "TopMargin": 110.0,
            "BottomMargin": 110.0,
            "Tag": 587,
            "Children": [
              {
                "FontSize": 14,
                "ButtonText": "",
                "TextColor": {
                  "R": 65,
                  "G": 65,
                  "B": 70
                },
                "NormalFileData": {
                  "Type": "Normal",
                  "Path": "Default/common_return_btn.png",
                  "Plist": ""
                },
                "Scale9Enable": true,
                "Scale9OriginX": 15,
                "Scale9OriginY": 11,
                "Scale9Width": 46,
                "Scale9Height": 81,
                "OutlineColor": {
                  "G": 0,
                  "B": 0
                },
                "ShadowColor": {
                  "R": 110,
                  "G": 110,
                  "B": 110
                },
                "ShadowOffsetX": 2.0,
                "ShadowOffsetY": -2.0,
                "TouchEnable": true,
                "AnchorPoint": {
                  "ScaleX": 0.5,
                  "ScaleY": 0.5
                },
                "Position": {
                  "X": 570.0,
                  "Y": 475.0
                },
                "Scale": {
                  "ScaleX": 1.0,
                  "ScaleY": 1.0
                },
                "CColor": {},
                "IconVisible": false,
                "PositionPercentXEnabled": true,
                "PositionPercentYEnabled": true,
                "PrePosition": {
                  "X": 0.95,
                  "Y": 0.95
                },
                "PreSize": {
                  "X": 0.1267,
                  "Y": 0.206
                },
                "LeftMargin": 532.0,
                "RightMargin": -8.0,
                "TopMargin": -26.5,
                "BottomMargin": 423.5,
                "Tag": 1042,
                "ActionTag": 1550918974,
                "Size": {
                  "X": 76.0,
                  "Y": 103.0
                },
                "Name": "return_btn",
                "ctype": "ButtonObjectData"
              },
              {
                "FileData": {
                  "Type": "Normal",
                  "Path": "Default/common_intro_title.png",
                  "Plist": ""
                },
                "Scale9OriginX": 27,
                "Scale9OriginY": 11,
                "Scale9Width": 28,
                "Scale9Height": 14,
                "AnchorPoint": {
                  "ScaleX": 0.5,
                  "ScaleY": 0.5
                },
                "Position": {
                  "X": 72.0,
                  "Y": 450.0
                },
                "Scale": {
                  "ScaleX": 1.0,
                  "ScaleY": 1.0
                },
                "CColor": {},
                "IconVisible": false,
                "PositionPercentXEnabled": true,
                "PositionPercentYEnabled": true,
                "PrePosition": {
                  "X": 0.12,
                  "Y": 0.9
                },
                "PreSize": {
                  "X": 0.1367,
                  "Y": 0.072
                },
                "LeftMargin": 31.0,
                "RightMargin": 487.0,
                "TopMargin": 32.0,
                "BottomMargin": 432.0,
                "Tag": 1043,
                "ActionTag": -25704720,
                "Size": {
                  "X": 82.0,
                  "Y": 36.0
                },
                "Name": "title_img",
                "ctype": "ImageViewObjectData"
              },
              {
                "IsBounceEnabled": true,
                "InnerNodeSize": {
                  "Width": 550,
                  "Height": 3200
                },
                "ScrollDirectionType": "Vertical",
                "ClipAble": true,
                "BackColorAlpha": 102,
                "SingleColor": {
                  "G": 150,
                  "B": 100
                },
                "FirstColor": {
                  "G": 150,
                  "B": 100
                },
                "EndColor": {},
                "ColorVector": {
                  "ScaleY": 1.0
                },
                "Scale9Width": 1,
                "Scale9Height": 1,
                "TouchEnable": true,
                "AnchorPoint": {},
                "Position": {
                  "X": 24.0,
                  "Y": 24.0
                },
                "Scale": {
                  "ScaleX": 1.0,
                  "ScaleY": 1.0
                },
                "CColor": {},
                "IconVisible": false,
                "PrePosition": {
                  "X": 0.04,
                  "Y": 0.048
                },
                "PreSize": {
                  "X": 0.9167,
                  "Y": 0.8
                },
                "LeftMargin": 24.0,
                "RightMargin": 26.0,
                "TopMargin": 76.0,
                "BottomMargin": 24.0,
                "Tag": 1044,
                "ActionTag": 1107677375,
                "Size": {
                  "X": 550.0,
                  "Y": 400.0
                },
                "Name": "content_scroll",
                "ctype": "ScrollViewObjectData"
              }
            ],
            "ActionTag": 1633814525,
            "Size": {
              "X": 600.0,
              "Y": 500.0
            },
            "Name": "intro_panel",
            "ctype": "PanelObjectData"
          }
        ],
        "Size": {
          "X": 1280.0,
          "Y": 720.0
        },
        "Name": "Layer",
        "ctype": "LayerObjectData"
      },
      "UsedResources": [
        "Default/common_bg_big.png",
        "Default/common_intro_title.png",
        "Default/common_return_btn.png"
      ],
      "ctype": "GameFileData"
    }
  },
  "Type": "Layer"
}