{
  "ID": "f4acc363-50ba-4d64-bb26-0942b49b0610",
  "Version": "3.10.0.0",
  "Name": "JZMJGameRoomInfo2DUI",
  "Content": {
    "Content": {
      "Animation": {
        "Duration": 0,
        "Speed": 1.0,
        "Timelines": [],
        "ctype": "TimelineActionData"
      },
      "AnimationList": [],
      "ObjectData": {
        "Tag": 62,
        "Children": [
          {
            "ClipAble": false,
            "BackColorAlpha": 102,
            "SingleColor": {
              "R": 150,
              "G": 200
            },
            "FirstColor": {
              "R": 150,
              "G": 200
            },
            "EndColor": {},
            "ColorVector": {
              "ScaleY": 1.0
            },
            "Scale9OriginX": -20,
            "Scale9OriginY": -20,
            "Scale9Width": 40,
            "Scale9Height": 40,
            "AnchorPoint": {
              "ScaleX": 0.5,
              "ScaleY": 1.0
            },
            "Position": {
              "X": 631.04,
              "Y": 720.0
            },
            "Scale": {
              "ScaleX": 1.0,
              "ScaleY": 1.0
            },
            "CColor": {},
            "IconVisible": false,
            "PositionPercentXEnabled": true,
            "PositionPercentYEnabled": true,
            "PrePosition": {
              "X": 0.493,
              "Y": 1.0
            },
            "PreSize": {
              "X": 0.175,
              "Y": 0.1958
            },
            "LeftMargin": 519.04,
            "RightMargin": 536.96,
            "BottomMargin": 579.0,
            "Tag": 63,
            "Children": [
              {
                "FileData": {
                  "Type": "Normal",
                  "Path": "GameRoomInfo2DUI/room_img.png",
                  "Plist": ""
                },
                "Scale9OriginX": 19,
                "Scale9OriginY": 13,
                "Scale9Width": 20,
                "Scale9Height": 4,
                "AnchorPoint": {
                  "ScaleX": 0.5,
                  "ScaleY": 0.5
                },
                "Position": {
                  "X": 7.3262,
                  "Y": 119.4944
                },
                "Scale": {
                  "ScaleX": 1.0,
                  "ScaleY": 1.0
                },
                "CColor": {},
                "IconVisible": false,
                "PrePosition": {
                  "X": 0.0327,
                  "Y": 0.8475
                },
                "PreSize": {
                  "X": 0.2589,
                  "Y": 0.2128
                },
                "LeftMargin": -21.6738,
                "RightMargin": 187.6738,
                "TopMargin": 6.5056,
                "BottomMargin": 104.4944,
                "Tag": 45,
                "ActionTag": -1300391433,
                "Size": {
                  "X": 58.0,
                  "Y": 30.0
                },
                "Name": "roomid_bg_img",
                "ctype": "ImageViewObjectData"
              },
              {
                "LabelText": "888888",
                "LabelBMFontFile_CNB": {
                  "Type": "Normal",
                  "Path": "GameRoomInfo2DUI/fanghaoshuzi.fnt",
                  "Plist": ""
                },
                "AnchorPoint": {
                  "ScaleY": 0.5
                },
                "Position": {
                  "X": 36.6985,
                  "Y": 112.3929
                },
                "Scale": {
                  "ScaleX": 1.0,
                  "ScaleY": 1.0
                },
                "CColor": {},
                "IconVisible": false,
                "PrePosition": {
                  "X": 0.1638,
                  "Y": 0.7971
                },
                "PreSize": {
                  "X": 0.375,
                  "Y": 0.227
                },
                "LeftMargin": 36.6985,
                "RightMargin": 103.3015,
                "TopMargin": 12.6071,
                "BottomMargin": 96.3929,
                "Tag": 574,
                "ActionTag": -1046782328,
                "Size": {
                  "X": 84.0,
                  "Y": 32.0
                },
                "Name": "roomid_label",
                "ctype": "TextBMFontObjectData"
              },
              {
                "FileData": {
                  "Type": "Normal",
                  "Path": "GameRoomInfo2DUI/round_img.png",
                  "Plist": ""
                },
                "Scale9OriginX": 19,
                "Scale9OriginY": 13,
                "Scale9Width": 20,
                "Scale9Height": 4,
                "AnchorPoint": {
                  "ScaleX": 0.5,
                  "ScaleY": 0.5
                },
                "Position": {
                  "X": 168.2464,
                  "Y": 119.0886
                },
                "Scale": {
                  "ScaleX": 1.0,
                  "ScaleY": 1.0
                },
                "CColor": {},
                "IconVisible": false,
                "PositionPercentXEnabled": true,
                "PositionPercentYEnabled": true,
                "PrePosition": {
                  "X": 0.7511,
                  "Y": 0.8446
                },
                "PreSize": {
                  "X": 0.2589,
                  "Y": 0.2128
                },
                "LeftMargin": 139.2464,
                "RightMargin": 26.7536,
                "TopMargin": 6.9114,
                "BottomMargin": 104.0886,
                "Tag": 891,
                "ActionTag": -2133459689,
                "Size": {
                  "X": 58.0,
                  "Y": 30.0
                },
                "Name": "round_bg_img",
                "ctype": "ImageViewObjectData"
              },
              {
                "LabelText": "1/4",
                "LabelBMFontFile_CNB": {
                  "Type": "Normal",
                  "Path": "GameRoomInfo2DUI/fanghaoshuzi.fnt",
                  "Plist": ""
                },
                "AnchorPoint": {
                  "ScaleY": 0.5
                },
                "Position": {
                  "X": 200.8347,
                  "Y": 112.5347
                },
                "Scale": {
                  "ScaleX": 1.0,
                  "ScaleY": 1.0
                },
                "CColor": {},
                "IconVisible": false,
                "PrePosition": {
                  "X": 0.8966,
                  "Y": 0.7981
                },
                "PreSize": {
                  "X": 0.1875,
                  "Y": 0.227
                },
                "LeftMargin": 200.8347,
                "RightMargin": -18.8347,
                "TopMargin": 12.4653,
                "BottomMargin": 96.5347,
                "Tag": 575,
                "ActionTag": -62423801,
                "Size": {
                  "X": 42.0,
                  "Y": 32.0
                },
                "Name": "round_label",
                "ctype": "TextBMFontObjectData"
              }
            ],
            "ActionTag": 1088684400,
            "Size": {
              "X": 224.0,
              "Y": 141.0
            },
            "Name": "roominfo_panel",
            "ctype": "PanelObjectData"
          },
          {
            "ClipAble": false,
            "BackColorAlpha": 102,
            "SingleColor": {
              "R": 150,
              "G": 200
            },
            "FirstColor": {
              "R": 150,
              "G": 200
            },
            "EndColor": {},
            "ColorVector": {
              "ScaleY": 1.0
            },
            "Scale9Width": 1,
            "Scale9Height": 1,
            "AnchorPoint": {
              "ScaleX": 1.0,
              "ScaleY": 1.0
            },
            "Position": {
              "X": 1280.0,
              "Y": 720.0
            },
            "Scale": {
              "ScaleX": 1.0,
              "ScaleY": 1.0
            },
            "CColor": {},
            "IconVisible": false,
            "PositionPercentXEnabled": true,
            "PositionPercentYEnabled": true,
            "PrePosition": {
              "X": 1.0,
              "Y": 1.0
            },
            "PreSize": {
              "X": 0.1562,
              "Y": 0.1389
            },
            "LeftMargin": 1080.0,
            "BottomMargin": 620.0,
            "Tag": 500,
            "Children": [
              {
                "FontSize": 14,
                "ButtonText": "",
                "TextColor": {
                  "R": 65,
                  "G": 65,
                  "B": 70
                },
                "NormalFileData": {
                  "Type": "Normal",
                  "Path": "GameHallUI/setting.png",
                  "Plist": ""
                },
                "Scale9Enable": true,
                "Scale9OriginX": 15,
                "Scale9OriginY": 11,
                "Scale9Width": 37,
                "Scale9Height": 59,
                "OutlineColor": {
                  "G": 0,
                  "B": 0
                },
                "ShadowColor": {
                  "R": 110,
                  "G": 110,
                  "B": 110
                },
                "ShadowOffsetX": 2.0,
                "ShadowOffsetY": -2.0,
                "TouchEnable": true,
                "AnchorPoint": {
                  "ScaleX": 0.5,
                  "ScaleY": 0.5
                },
                "Position": {
                  "X": 158.0,
                  "Y": 47.0
                },
                "Scale": {
                  "ScaleX": 1.0,
                  "ScaleY": 1.0
                },
                "CColor": {},
                "IconVisible": false,
                "PositionPercentXEnabled": true,
                "PositionPercentYEnabled": true,
                "PrePosition": {
                  "X": 0.79,
                  "Y": 0.47
                },
                "PreSize": {
                  "X": 0.335,
                  "Y": 0.81
                },
                "LeftMargin": 124.5,
                "RightMargin": 8.5,
                "TopMargin": 12.5,
                "BottomMargin": 6.5,
                "Tag": 502,
                "ActionTag": -2053682896,
                "Size": {
                  "X": 67.0,
                  "Y": 81.0
                },
                "Name": "config_btn",
                "ctype": "ButtonObjectData"
              },
              {
                "FontSize": 14,
                "ButtonText": "",
                "TextColor": {
                  "R": 65,
                  "G": 65,
                  "B": 70
                },
                "NormalFileData": {
                  "Type": "Normal",
                  "Path": "GameHallUI/rule.png",
                  "Plist": ""
                },
                "Scale9Enable": true,
                "Scale9OriginX": 15,
                "Scale9OriginY": 11,
                "Scale9Width": 37,
                "Scale9Height": 59,
                "OutlineColor": {
                  "G": 0,
                  "B": 0
                },
                "ShadowColor": {
                  "R": 110,
                  "G": 110,
                  "B": 110
                },
                "ShadowOffsetX": 2.0,
                "ShadowOffsetY": -2.0,
                "TouchEnable": true,
                "AnchorPoint": {
                  "ScaleX": 0.5,
                  "ScaleY": 0.5
                },
                "Position": {
                  "X": 86.0,
                  "Y": 47.0
                },
                "Scale": {
                  "ScaleX": 1.0,
                  "ScaleY": 1.0
                },
                "CColor": {},
                "IconVisible": false,
                "PositionPercentXEnabled": true,
                "PositionPercentYEnabled": true,
                "PrePosition": {
                  "X": 0.43,
                  "Y": 0.47
                },
                "PreSize": {
                  "X": 0.335,
                  "Y": 0.81
                },
                "LeftMargin": 52.5,
                "RightMargin": 80.5,
                "TopMargin": 12.5,
                "BottomMargin": 6.5,
                "Tag": 503,
                "ActionTag": 439330110,
                "Size": {
                  "X": 67.0,
                  "Y": 81.0
                },
                "Name": "help_btn",
                "ctype": "ButtonObjectData"
              },
              {
                "FontSize": 14,
                "ButtonText": "",
                "TextColor": {
                  "R": 65,
                  "G": 65,
                  "B": 70
                },
                "NormalFileData": {
                  "Type": "Normal",
                  "Path": "GameHallUI/GPScene_btn.png",
                  "Plist": ""
                },
                "Scale9Enable": true,
                "Scale9OriginX": 15,
                "Scale9OriginY": 11,
                "Scale9Width": 37,
                "Scale9Height": 59,
                "OutlineColor": {
                  "G": 0,
                  "B": 0
                },
                "ShadowColor": {
                  "R": 110,
                  "G": 110,
                  "B": 110
                },
                "ShadowOffsetX": 2.0,
                "ShadowOffsetY": -2.0,
                "TouchEnable": true,
                "AnchorPoint": {
                  "ScaleX": 0.5,
                  "ScaleY": 0.5
                },
                "Position": {
                  "X": 14.0,
                  "Y": 47.0
                },
                "Scale": {
                  "ScaleX": 1.0,
                  "ScaleY": 1.0
                },
                "CColor": {},
                "IconVisible": false,
                "PositionPercentXEnabled": true,
                "PositionPercentYEnabled": true,
                "PrePosition": {
                  "X": 0.07,
                  "Y": 0.47
                },
                "PreSize": {
                  "X": 0.335,
                  "Y": 0.81
                },
                "LeftMargin": -19.5,
                "RightMargin": 152.5,
                "TopMargin": 12.5,
                "BottomMargin": 6.5,
                "Tag": 1987,
                "ActionTag": -868718312,
                "Size": {
                  "X": 67.0,
                  "Y": 81.0
                },
                "Name": "GPScene_btn",
                "ctype": "ButtonObjectData"
              }
            ],
            "ActionTag": -64713100,
            "Size": {
              "X": 200.0,
              "Y": 100.0
            },
            "Name": "function_panel",
            "ctype": "PanelObjectData"
          },
          {
            "ClipAble": false,
            "BackColorAlpha": 102,
            "SingleColor": {
              "R": 150,
              "G": 200
            },
            "FirstColor": {
              "R": 150,
              "G": 200
            },
            "EndColor": {},
            "ColorVector": {
              "ScaleY": 1.0
            },
            "Scale9Width": 1,
            "Scale9Height": 1,
            "AnchorPoint": {
              "ScaleX": 1.0
            },
            "Position": {
              "X": 1280.0,
              "Y": 0.0
            },
            "Scale": {
              "ScaleX": 1.0,
              "ScaleY": 1.0
            },
            "CColor": {},
            "IconVisible": false,
            "PositionPercentXEnabled": true,
            "PositionPercentYEnabled": true,
            "PrePosition": {
              "X": 1.0,
              "Y": 0.0
            },
            "PreSize": {
              "X": 0.0938,
              "Y": 0.4444
            },
            "LeftMargin": 1160.0,
            "TopMargin": 400.0,
            "Tag": 1393,
            "Children": [
              {
                "FontSize": 14,
                "ButtonText": "",
                "TextColor": {
                  "R": 65,
                  "G": 65,
                  "B": 70
                },
                "NormalFileData": {
                  "Type": "Normal",
                  "Path": "GameRoomInfoUI/record_btn.png",
                  "Plist": ""
                },
                "Scale9OriginX": 15,
                "Scale9OriginY": 11,
                "Scale9Width": 42,
                "Scale9Height": 50,
                "OutlineColor": {
                  "G": 0,
                  "B": 0
                },
                "ShadowColor": {
                  "R": 110,
                  "G": 110,
                  "B": 110
                },
                "ShadowOffsetX": 2.0,
                "ShadowOffsetY": -2.0,
                "TouchEnable": true,
                "AnchorPoint": {
                  "ScaleX": 0.5,
                  "ScaleY": 0.5
                },
                "Position": {
                  "X": 45.2579,
                  "Y": 208.0
                },
                "Scale": {
                  "ScaleX": 1.0,
                  "ScaleY": 1.0
                },
                "CColor": {},
                "IconVisible": false,
                "PrePosition": {
                  "X": 0.3771,
                  "Y": 0.65
                },
                "PreSize": {
                  "X": 0.6,
                  "Y": 0.225
                },
                "LeftMargin": 9.2579,
                "RightMargin": 38.7421,
                "TopMargin": 76.0,
                "BottomMargin": 172.0,
                "Tag": 1394,
                "ActionTag": 2069232447,
                "Size": {
                  "X": 72.0,
                  "Y": 72.0
                },
                "Name": "record_btn",
                "ctype": "ButtonObjectData"
              },
              {
                "FontSize": 14,
                "ButtonText": "",
                "TextColor": {
                  "R": 65,
                  "G": 65,
                  "B": 70
                },
                "NormalFileData": {
                  "Type": "Normal",
                  "Path": "GameRoomInfoUI/communicate_btn.png",
                  "Plist": ""
                },
                "Scale9OriginX": 15,
                "Scale9OriginY": 11,
                "Scale9Width": 42,
                "Scale9Height": 50,
                "OutlineColor": {
                  "G": 0,
                  "B": 0
                },
                "ShadowColor": {
                  "R": 110,
                  "G": 110,
                  "B": 110
                },
                "ShadowOffsetX": 2.0,
                "ShadowOffsetY": -2.0,
                "TouchEnable": true,
                "AnchorPoint": {
                  "ScaleX": 0.5,
                  "ScaleY": 0.5
                },
                "Position": {
                  "X": 44.1942,
                  "Y": 368.0
                },
                "Scale": {
                  "ScaleX": 1.0,
                  "ScaleY": 1.0
                },
                "CColor": {},
                "IconVisible": false,
                "PrePosition": {
                  "X": 0.3683,
                  "Y": 1.15
                },
                "PreSize": {
                  "X": 0.6,
                  "Y": 0.225
                },
                "LeftMargin": 8.1942,
                "RightMargin": 39.8058,
                "TopMargin": -84.0,
                "BottomMargin": 332.0,
                "Tag": 1395,
                "ActionTag": -1855691657,
                "Size": {
                  "X": 72.0,
                  "Y": 72.0
                },
                "Name": "communicate_btn",
                "ctype": "ButtonObjectData"
              },
              {
                "FontSize": 14,
                "ButtonText": "",
                "TextColor": {
                  "R": 65,
                  "G": 65,
                  "B": 70
                },
                "NormalFileData": {
                  "Type": "Normal",
                  "Path": "GameRoomInfoUI/arrange_btn.png",
                  "Plist": ""
                },
                "Scale9OriginX": 15,
                "Scale9OriginY": 11,
                "Scale9Width": 52,
                "Scale9Height": 58,
                "OutlineColor": {
                  "G": 0,
                  "B": 0
                },
                "ShadowColor": {
                  "R": 110,
                  "G": 110,
                  "B": 110
                },
                "ShadowOffsetX": 2.0,
                "ShadowOffsetY": -2.0,
                "TouchEnable": true,
                "AnchorPoint": {
                  "ScaleX": 0.5,
                  "ScaleY": 0.5
                },
                "Position": {
                  "X": 44.19,
                  "Y": 288.0
                },
                "Scale": {
                  "ScaleX": 1.0,
                  "ScaleY": 1.0
                },
                "CColor": {},
                "IconVisible": false,
                "PrePosition": {
                  "X": 0.3682,
                  "Y": 0.9
                },
                "PreSize": {
                  "X": 0.6833,
                  "Y": 0.25
                },
                "LeftMargin": 3.19,
                "RightMargin": 34.81,
                "TopMargin": -8.0,
                "BottomMargin": 248.0,
                "Tag": 1396,
                "ActionTag": 146286236,
                "Size": {
                  "X": 82.0,
                  "Y": 80.0
                },
                "Name": "arrange_btn",
                "ctype": "ButtonObjectData"
              }
            ],
            "ActionTag": -1766711688,
            "Size": {
              "X": 120.0,
              "Y": 320.0
            },
            "Name": "communicate_panel",
            "ctype": "PanelObjectData"
          },
          {
            "ClipAble": false,
            "BackColorAlpha": 102,
            "SingleColor": {
              "R": 150,
              "G": 200
            },
            "FirstColor": {
              "R": 150,
              "G": 200
            },
            "EndColor": {},
            "ColorVector": {
              "ScaleY": 1.0
            },
            "Scale9Width": 1,
            "Scale9Height": 1,
            "AnchorPoint": {
              "ScaleY": 1.0
            },
            "Position": {
              "X": 0.0,
              "Y": 720.0
            },
            "Scale": {
              "ScaleX": 1.0,
              "ScaleY": 1.0
            },
            "CColor": {},
            "IconVisible": false,
            "PositionPercentXEnabled": true,
            "PositionPercentYEnabled": true,
            "PrePosition": {
              "X": 0.0,
              "Y": 1.0
            },
            "PreSize": {
              "X": 0.1875,
              "Y": 0.0833
            },
            "RightMargin": 1040.0,
            "BottomMargin": 660.0,
            "Tag": 4442,
            "Children": [
              {
                "IsCustomSize": true,
                "FontSize": 23,
                "LabelText": "23:55",
                "HorizontalAlignmentType": "HT_Center",
                "VerticalAlignmentType": "VT_Center",
                "OutlineColor": {
                  "G": 0,
                  "B": 0
                },
                "ShadowColor": {
                  "R": 110,
                  "G": 110,
                  "B": 110
                },
                "ShadowOffsetX": 2.0,
                "ShadowOffsetY": -2.0,
                "AnchorPoint": {
                  "ScaleX": 0.5,
                  "ScaleY": 0.5
                },
                "Position": {
                  "X": 131.904,
                  "Y": 33.426
                },
                "Scale": {
                  "ScaleX": 1.0,
                  "ScaleY": 1.0
                },
                "CColor": {
                  "R": 63,
                  "G": 143,
                  "B": 128
                },
                "IconVisible": false,
                "PositionPercentXEnabled": true,
                "PositionPercentYEnabled": true,
                "PrePosition": {
                  "X": 0.5496,
                  "Y": 0.5571
                },
                "PreSize": {
                  "X": 0.275,
                  "Y": 0.6667
                },
                "LeftMargin": 98.904,
                "RightMargin": 75.096,
                "TopMargin": 6.574,
                "BottomMargin": 13.426,
                "Tag": 586,
                "ActionTag": 1904494611,
                "Size": {
                  "X": 66.0,
                  "Y": 40.0
                },
                "Alpha": 204,
                "Name": "time_label",
                "ctype": "TextObjectData"
              },
              {
                "ClipAble": false,
                "BackColorAlpha": 102,
                "SingleColor": {
                  "R": 150,
                  "G": 200
                },
                "FirstColor": {
                  "R": 150,
                  "G": 200
                },
                "EndColor": {},
                "ColorVector": {
                  "ScaleY": 1.0
                },
                "Scale9Width": 1,
                "Scale9Height": 1,
                "AnchorPoint": {
                  "ScaleX": 0.5,
                  "ScaleY": 0.5
                },
                "Position": {
                  "X": 177.8342,
                  "Y": 34.9964
                },
                "Scale": {
                  "ScaleX": 1.0,
                  "ScaleY": 1.0
                },
                "CColor": {},
                "IconVisible": false,
                "PrePosition": {
                  "X": 0.741,
                  "Y": 0.5833
                },
                "PreSize": {
                  "X": 0.125,
                  "Y": 0.5
                },
                "LeftMargin": 162.8342,
                "RightMargin": 47.1658,
                "TopMargin": 10.0036,
                "BottomMargin": 19.9964,
                "Tag": 4445,
                "Children": [
                  {
                    "FileData": {
                      "Type": "Normal",
                      "Path": "GameRoomInfo2DUI/wifi_dark_2.png",
                      "Plist": ""
                    },
                    "Scale9OriginX": 8,
                    "Scale9OriginY": 7,
                    "Scale9Width": 10,
                    "Scale9Height": 10,
                    "AnchorPoint": {
                      "ScaleX": 0.5,
                      "ScaleY": 0.5
                    },
                    "Position": {
                      "X": 15.0,
                      "Y": 15.0
                    },
                    "Scale": {
                      "ScaleX": 1.0,
                      "ScaleY": 1.0
                    },
                    "CColor": {},
                    "IconVisible": false,
                    "PrePosition": {
                      "X": 0.5,
                      "Y": 0.5
                    },
                    "PreSize": {
                      "X": 0.8667,
                      "Y": 0.8
                    },
                    "LeftMargin": 2.0,
                    "RightMargin": 2.0,
                    "TopMargin": 3.0,
                    "BottomMargin": 3.0,
                    "Tag": 1529,
                    "ActionTag": -713231030,
                    "Size": {
                      "X": 26.0,
                      "Y": 24.0
                    },
                    "Name": "dark_2",
                    "ctype": "ImageViewObjectData"
                  },
                  {
                    "FileData": {
                      "Type": "Normal",
                      "Path": "GameRoomInfo2DUI/wifi_dark_3.png",
                      "Plist": ""
                    },
                    "Scale9OriginX": 8,
                    "Scale9OriginY": 7,
                    "Scale9Width": 10,
                    "Scale9Height": 10,
                    "AnchorPoint": {
                      "ScaleX": 0.5,
                      "ScaleY": 0.5
                    },
                    "Position": {
                      "X": 15.0,
                      "Y": 15.0
                    },
                    "Scale": {
                      "ScaleX": 1.0,
                      "ScaleY": 1.0
                    },
                    "CColor": {},
                    "IconVisible": false,
                    "PrePosition": {
                      "X": 0.5,
                      "Y": 0.5
                    },
                    "PreSize": {
                      "X": 0.8667,
                      "Y": 0.8
                    },
                    "LeftMargin": 2.0,
                    "RightMargin": 2.0,
                    "TopMargin": 3.0,
                    "BottomMargin": 3.0,
                    "Tag": 1530,
                    "ActionTag": 767934593,
                    "Size": {
                      "X": 26.0,
                      "Y": 24.0
                    },
                    "Name": "dark_3",
                    "ctype": "ImageViewObjectData"
                  },
                  {
                    "FileData": {
                      "Type": "Normal",
                      "Path": "GameRoomInfo2DUI/wifi_light_1.png",
                      "Plist": ""
                    },
                    "Scale9OriginX": 8,
                    "Scale9OriginY": 7,
                    "Scale9Width": 10,
                    "Scale9Height": 10,
                    "AnchorPoint": {
                      "ScaleX": 0.5,
                      "ScaleY": 0.5
                    },
                    "Position": {
                      "X": 15.0,
                      "Y": 15.0
                    },
                    "Scale": {
                      "ScaleX": 1.0,
                      "ScaleY": 1.0
                    },
                    "CColor": {},
                    "IconVisible": false,
                    "PrePosition": {
                      "X": 0.5,
                      "Y": 0.5
                    },
                    "PreSize": {
                      "X": 0.8667,
                      "Y": 0.8
                    },
                    "LeftMargin": 2.0,
                    "RightMargin": 2.0,
                    "TopMargin": 3.0,
                    "BottomMargin": 3.0,
                    "Tag": 1526,
                    "ActionTag": -676966846,
                    "Size": {
                      "X": 26.0,
                      "Y": 24.0
                    },
                    "Name": "light_1",
                    "ctype": "ImageViewObjectData"
                  },
                  {
                    "FileData": {
                      "Type": "Normal",
                      "Path": "GameRoomInfo2DUI/wifi_light_2.png",
                      "Plist": ""
                    },
                    "Scale9OriginX": 8,
                    "Scale9OriginY": 7,
                    "Scale9Width": 10,
                    "Scale9Height": 10,
                    "AnchorPoint": {
                      "ScaleX": 0.5,
                      "ScaleY": 0.5
                    },
                    "Position": {
                      "X": 15.0,
                      "Y": 15.0
                    },
                    "Scale": {
                      "ScaleX": 1.0,
                      "ScaleY": 1.0
                    },
                    "CColor": {},
                    "IconVisible": false,
                    "PrePosition": {
                      "X": 0.5,
                      "Y": 0.5
                    },
                    "PreSize": {
                      "X": 0.8667,
                      "Y": 0.8
                    },
                    "LeftMargin": 2.0,
                    "RightMargin": 2.0,
                    "TopMargin": 3.0,
                    "BottomMargin": 3.0,
                    "Tag": 1527,
                    "ActionTag": -2114619742,
                    "Size": {
                      "X": 26.0,
                      "Y": 24.0
                    },
                    "Name": "light_2",
                    "ctype": "ImageViewObjectData"
                  },
                  {
                    "FileData": {
                      "Type": "Normal",
                      "Path": "GameRoomInfo2DUI/wifi_light_3.png",
                      "Plist": ""
                    },
                    "Scale9OriginX": 8,
                    "Scale9OriginY": 7,
                    "Scale9Width": 10,
                    "Scale9Height": 10,
                    "AnchorPoint": {
                      "ScaleX": 0.5,
                      "ScaleY": 0.5
                    },
                    "Position": {
                      "X": 15.0,
                      "Y": 15.0
                    },
                    "Scale": {
                      "ScaleX": 1.0,
                      "ScaleY": 1.0
                    },
                    "CColor": {},
                    "IconVisible": false,
                    "PrePosition": {
                      "X": 0.5,
                      "Y": 0.5
                    },
                    "PreSize": {
                      "X": 0.8667,
                      "Y": 0.8
                    },
                    "LeftMargin": 2.0,
                    "RightMargin": 2.0,
                    "TopMargin": 3.0,
                    "BottomMargin": 3.0,
                    "Tag": 1528,
                    "ActionTag": 1742380885,
                    "Size": {
                      "X": 26.0,
                      "Y": 24.0
                    },
                    "Name": "light_3",
                    "ctype": "ImageViewObjectData"
                  }
                ],
                "ActionTag": -1207931665,
                "Size": {
                  "X": 30.0,
                  "Y": 30.0
                },
                "VisibleForFrame": false,
                "Name": "wifi_panel",
                "ctype": "PanelObjectData"
              },
              {
                "ClipAble": false,
                "BackColorAlpha": 102,
                "SingleColor": {
                  "R": 150,
                  "G": 200
                },
                "FirstColor": {
                  "R": 150,
                  "G": 200
                },
                "EndColor": {},
                "ColorVector": {
                  "ScaleY": 1.0
                },
                "Scale9Width": 1,
                "Scale9Height": 1,
                "AnchorPoint": {
                  "ScaleX": 0.5,
                  "ScaleY": 0.5
                },
                "Position": {
                  "X": 177.0,
                  "Y": 35.0
                },
                "Scale": {
                  "ScaleX": 1.0,
                  "ScaleY": 1.0
                },
                "CColor": {},
                "IconVisible": false,
                "PrePosition": {
                  "X": 0.7375,
                  "Y": 0.5833
                },
                "PreSize": {
                  "X": 0.125,
                  "Y": 0.5
                },
                "LeftMargin": 162.0,
                "RightMargin": 48.0,
                "TopMargin": 10.0,
                "BottomMargin": 20.0,
                "Tag": 1531,
                "Children": [
                  {
                    "FileData": {
                      "Type": "Normal",
                      "Path": "GameRoomInfo2DUI/gmsi_dark_2.png",
                      "Plist": ""
                    },
                    "Scale9OriginX": 8,
                    "Scale9OriginY": 7,
                    "Scale9Width": 10,
                    "Scale9Height": 10,
                    "AnchorPoint": {
                      "ScaleX": 0.5,
                      "ScaleY": 0.5
                    },
                    "Position": {
                      "X": 15.0,
                      "Y": 15.0
                    },
                    "Scale": {
                      "ScaleX": 1.0,
                      "ScaleY": 1.0
                    },
                    "CColor": {},
                    "IconVisible": false,
                    "PrePosition": {
                      "X": 0.5,
                      "Y": 0.5
                    },
                    "PreSize": {
                      "X": 0.8667,
                      "Y": 0.8
                    },
                    "LeftMargin": 2.0,
                    "RightMargin": 2.0,
                    "TopMargin": 3.0,
                    "BottomMargin": 3.0,
                    "Tag": 1532,
                    "ActionTag": -1250586209,
                    "Size": {
                      "X": 26.0,
                      "Y": 24.0
                    },
                    "Name": "dark_2",
                    "ctype": "ImageViewObjectData"
                  },
                  {
                    "FileData": {
                      "Type": "Normal",
                      "Path": "GameRoomInfo2DUI/gmsi_dark_3.png",
                      "Plist": ""
                    },
                    "Scale9OriginX": 8,
                    "Scale9OriginY": 7,
                    "Scale9Width": 10,
                    "Scale9Height": 10,
                    "AnchorPoint": {
                      "ScaleX": 0.5,
                      "ScaleY": 0.5
                    },
                    "Position": {
                      "X": 15.0,
                      "Y": 15.0
                    },
                    "Scale": {
                      "ScaleX": 1.0,
                      "ScaleY": 1.0
                    },
                    "CColor": {},
                    "IconVisible": false,
                    "PrePosition": {
                      "X": 0.5,
                      "Y": 0.5
                    },
                    "PreSize": {
                      "X": 0.8667,
                      "Y": 0.8
                    },
                    "LeftMargin": 2.0,
                    "RightMargin": 2.0,
                    "TopMargin": 3.0,
                    "BottomMargin": 3.0,
                    "Tag": 1533,
                    "ActionTag": 1696407145,
                    "Size": {
                      "X": 26.0,
                      "Y": 24.0
                    },
                    "Name": "dark_3",
                    "ctype": "ImageViewObjectData"
                  },
                  {
                    "FileData": {
                      "Type": "Normal",
                      "Path": "GameRoomInfo2DUI/gmsi_light_1.png",
                      "Plist": ""
                    },
                    "Scale9OriginX": 8,
                    "Scale9OriginY": 7,
                    "Scale9Width": 10,
                    "Scale9Height": 10,
                    "AnchorPoint": {
                      "ScaleX": 0.5,
                      "ScaleY": 0.5
                    },
                    "Position": {
                      "X": 15.0,
                      "Y": 15.0
                    },
                    "Scale": {
                      "ScaleX": 1.0,
                      "ScaleY": 1.0
                    },
                    "CColor": {},
                    "IconVisible": false,
                    "PrePosition": {
                      "X": 0.5,
                      "Y": 0.5
                    },
                    "PreSize": {
                      "X": 0.8667,
                      "Y": 0.8
                    },
                    "LeftMargin": 2.0,
                    "RightMargin": 2.0,
                    "TopMargin": 3.0,
                    "BottomMargin": 3.0,
                    "Tag": 1534,
                    "ActionTag": 409740673,
                    "Size": {
                      "X": 26.0,
                      "Y": 24.0
                    },
                    "Name": "light_1",
                    "ctype": "ImageViewObjectData"
                  },
                  {
                    "FileData": {
                      "Type": "Normal",
                      "Path": "GameRoomInfo2DUI/gmsi_light_2.png",
                      "Plist": ""
                    },
                    "Scale9OriginX": 8,
                    "Scale9OriginY": 7,
                    "Scale9Width": 10,
                    "Scale9Height": 10,
                    "AnchorPoint": {
                      "ScaleX": 0.5,
                      "ScaleY": 0.5
                    },
                    "Position": {
                      "X": 15.0,
                      "Y": 15.0
                    },
                    "Scale": {
                      "ScaleX": 1.0,
                      "ScaleY": 1.0
                    },
                    "CColor": {},
                    "IconVisible": false,
                    "PrePosition": {
                      "X": 0.5,
                      "Y": 0.5
                    },
                    "PreSize": {
                      "X": 0.8667,
                      "Y": 0.8
                    },
                    "LeftMargin": 2.0,
                    "RightMargin": 2.0,
                    "TopMargin": 3.0,
                    "BottomMargin": 3.0,
                    "Tag": 1535,
                    "ActionTag": 572679410,
                    "Size": {
                      "X": 26.0,
                      "Y": 24.0
                    },
                    "Name": "light_2",
                    "ctype": "ImageViewObjectData"
                  },
                  {
                    "FileData": {
                      "Type": "Normal",
                      "Path": "GameRoomInfo2DUI/gmsi_light_3.png",
                      "Plist": ""
                    },
                    "Scale9OriginX": 8,
                    "Scale9OriginY": 7,
                    "Scale9Width": 10,
                    "Scale9Height": 10,
                    "AnchorPoint": {
                      "ScaleX": 0.5,
                      "ScaleY": 0.5
                    },
                    "Position": {
                      "X": 15.0,
                      "Y": 15.0
                    },
                    "Scale": {
                      "ScaleX": 1.0,
                      "ScaleY": 1.0
                    },
                    "CColor": {},
                    "IconVisible": false,
                    "PrePosition": {
                      "X": 0.5,
                      "Y": 0.5
                    },
                    "PreSize": {
                      "X": 0.8667,
                      "Y": 0.8
                    },
                    "LeftMargin": 2.0,
                    "RightMargin": 2.0,
                    "TopMargin": 3.0,
                    "BottomMargin": 3.0,
                    "Tag": 1536,
                    "ActionTag": 1202095943,
                    "Size": {
                      "X": 26.0,
                      "Y": 24.0
                    },
                    "Name": "light_3",
                    "ctype": "ImageViewObjectData"
                  }
                ],
                "ActionTag": -749939486,
                "Size": {
                  "X": 30.0,
                  "Y": 30.0
                },
                "VisibleForFrame": false,
                "Name": "gms_panel",
                "ctype": "PanelObjectData"
              },
              {
                "ClipAble": false,
                "BackColorAlpha": 102,
                "SingleColor": {
                  "R": 150,
                  "G": 200
                },
                "FirstColor": {
                  "R": 150,
                  "G": 200
                },
                "EndColor": {},
                "ColorVector": {
                  "ScaleY": 1.0
                },
                "Scale9Width": 1,
                "Scale9Height": 1,
                "TouchEnable": true,
                "AnchorPoint": {
                  "ScaleX": 0.5,
                  "ScaleY": 0.5
                },
                "Position": {
                  "X": 182.4,
                  "Y": 33.6
                },
                "Scale": {
                  "ScaleX": 1.0,
                  "ScaleY": 1.0
                },
                "CColor": {},
                "IconVisible": false,
                "PositionPercentXEnabled": true,
                "PositionPercentYEnabled": true,
                "PrePosition": {
                  "X": 0.76,
                  "Y": 0.56
                },
                "PreSize": {
                  "X": 0.3333,
                  "Y": 0.5
                },
                "LeftMargin": 142.4,
                "RightMargin": 17.6,
                "TopMargin": 11.4,
                "BottomMargin": 18.6,
                "Tag": 1035,
                "Children": [
                  {
                    "FileData": {
                      "Type": "Normal",
                      "Path": "GameRoomInfo2DUI/battery_frame.png",
                      "Plist": ""
                    },
                    "Scale9OriginX": 15,
                    "Scale9OriginY": 8,
                    "Scale9Width": 16,
                    "Scale9Height": 10,
                    "AnchorPoint": {
                      "ScaleX": 0.5,
                      "ScaleY": 0.5
                    },
                    "Position": {
                      "X": 40.0,
                      "Y": 15.0
                    },
                    "Scale": {
                      "ScaleX": 1.0,
                      "ScaleY": 1.0
                    },
                    "CColor": {},
                    "IconVisible": false,
                    "PositionPercentXEnabled": true,
                    "PositionPercentYEnabled": true,
                    "PrePosition": {
                      "X": 0.5,
                      "Y": 0.5
                    },
                    "PreSize": {
                      "X": 0.575,
                      "Y": 0.8667
                    },
                    "LeftMargin": 17.0,
                    "RightMargin": 17.0,
                    "TopMargin": 2.0,
                    "BottomMargin": 2.0,
                    "Tag": 1036,
                    "ActionTag": -1619708838,
                    "Size": {
                      "X": 46.0,
                      "Y": 26.0
                    },
                    "Name": "battery_frame_img",
                    "ctype": "ImageViewObjectData"
                  },
                  {
                    "FileData": {
                      "Type": "Normal",
                      "Path": "GameRoomInfo2DUI/battery_grid.png",
                      "Plist": ""
                    },
                    "Scale9OriginX": 5,
                    "Scale9OriginY": 5,
                    "Scale9Width": 8,
                    "Scale9Height": 8,
                    "AnchorPoint": {
                      "ScaleX": 0.5,
                      "ScaleY": 0.5
                    },
                    "Position": {
                      "X": 48.8,
                      "Y": 14.1
                    },
                    "Scale": {
                      "ScaleX": 1.0,
                      "ScaleY": 1.0
                    },
                    "CColor": {},
                    "IconVisible": false,
                    "PositionPercentXEnabled": true,
                    "PositionPercentYEnabled": true,
                    "PrePosition": {
                      "X": 0.61,
                      "Y": 0.47
                    },
                    "PreSize": {
                      "X": 0.225,
                      "Y": 0.6
                    },
                    "LeftMargin": 39.8,
                    "RightMargin": 22.2,
                    "TopMargin": 6.9,
                    "BottomMargin": 5.1,
                    "Tag": 1037,
                    "ActionTag": -596023853,
                    "Size": {
                      "X": 18.0,
                      "Y": 18.0
                    },
                    "Name": "battery_grid_img_0",
                    "ctype": "ImageViewObjectData"
                  },
                  {
                    "FileData": {
                      "Type": "Normal",
                      "Path": "GameRoomInfo2DUI/battery_grid.png",
                      "Plist": ""
                    },
                    "Scale9OriginX": 5,
                    "Scale9OriginY": 5,
                    "Scale9Width": 8,
                    "Scale9Height": 8,
                    "AnchorPoint": {
                      "ScaleX": 0.5,
                      "ScaleY": 0.5
                    },
                    "Position": {
                      "X": 41.6,
                      "Y": 14.1
                    },
                    "Scale": {
                      "ScaleX": 1.0,
                      "ScaleY": 1.0
                    },
                    "CColor": {},
                    "IconVisible": false,
                    "PositionPercentXEnabled": true,
                    "PositionPercentYEnabled": true,
                    "PrePosition": {
                      "X": 0.52,
                      "Y": 0.47
                    },
                    "PreSize": {
                      "X": 0.225,
                      "Y": 0.6
                    },
                    "LeftMargin": 32.6,
                    "RightMargin": 29.4,
                    "TopMargin": 6.9,
                    "BottomMargin": 5.1,
                    "Tag": 1038,
                    "ActionTag": -2034691779,
                    "Size": {
                      "X": 18.0,
                      "Y": 18.0
                    },
                    "Name": "battery_grid_img_1",
                    "ctype": "ImageViewObjectData"
                  },
                  {
                    "FileData": {
                      "Type": "Normal",
                      "Path": "GameRoomInfo2DUI/battery_grid.png",
                      "Plist": ""
                    },
                    "Scale9OriginX": 5,
                    "Scale9OriginY": 5,
                    "Scale9Width": 8,
                    "Scale9Height": 8,
                    "AnchorPoint": {
                      "ScaleX": 0.5,
                      "ScaleY": 0.5
                    },
                    "Position": {
                      "X": 34.4,
                      "Y": 14.1
                    },
                    "Scale": {
                      "ScaleX": 1.0,
                      "ScaleY": 1.0
                    },
                    "CColor": {},
                    "IconVisible": false,
                    "PositionPercentXEnabled": true,
                    "PositionPercentYEnabled": true,
                    "PrePosition": {
                      "X": 0.43,
                      "Y": 0.47
                    },
                    "PreSize": {
                      "X": 0.225,
                      "Y": 0.6
                    },
                    "LeftMargin": 25.4,
                    "RightMargin": 36.6,
                    "TopMargin": 6.9,
                    "BottomMargin": 5.1,
                    "Tag": 1039,
                    "ActionTag": -1326612481,
                    "Size": {
                      "X": 18.0,
                      "Y": 18.0
                    },
                    "Name": "battery_grid_img_2",
                    "ctype": "ImageViewObjectData"
                  }
                ],
                "ActionTag": 1455857047,
                "Size": {
                  "X": 80.0,
                  "Y": 30.0
                },
                "Name": "battery_panel",
                "ctype": "PanelObjectData"
              }
            ],
            "ActionTag": -583576183,
            "Size": {
              "X": 240.0,
              "Y": 60.0
            },
            "Name": "device_info_panel",
            "ctype": "PanelObjectData"
          },
          {
            "IsCustomSize": true,
            "FontSize": 30,
            "LabelText": "说话间隔太短！",
            "FontResource": {
              "Type": "Normal",
              "Path": "font/zhunyuan.ttf",
              "Plist": ""
            },
            "HorizontalAlignmentType": "HT_Center",
            "OutlineColor": {
              "G": 0,
              "B": 0
            },
            "ShadowColor": {
              "R": 110,
              "G": 110,
              "B": 110
            },
            "ShadowOffsetX": 2.0,
            "ShadowOffsetY": -2.0,
            "AnchorPoint": {
              "ScaleX": 0.5,
              "ScaleY": 0.5
            },
            "Position": {
              "X": 640.0,
              "Y": 360.0
            },
            "Scale": {
              "ScaleX": 1.0,
              "ScaleY": 1.0
            },
            "CColor": {
              "B": 0
            },
            "IconVisible": false,
            "PositionPercentXEnabled": true,
            "PositionPercentYEnabled": true,
            "PrePosition": {
              "X": 0.5,
              "Y": 0.5
            },
            "PreSize": {
              "X": 0.4688,
              "Y": 0.0444
            },
            "LeftMargin": 340.0,
            "RightMargin": 340.0,
            "TopMargin": 344.0,
            "BottomMargin": 344.0,
            "Tag": 1563,
            "ActionTag": -460318623,
            "Size": {
              "X": 600.0,
              "Y": 32.0
            },
            "VisibleForFrame": false,
            "Name": "tips_label",
            "ctype": "TextObjectData"
          }
        ],
        "Size": {
          "X": 1280.0,
          "Y": 720.0
        },
        "Name": "Layer",
        "ctype": "LayerObjectData"
      },
      "UsedResources": [
        "font/zhunyuan.ttf",
        "GameHallUI/GPScene_btn.png",
        "GameHallUI/rule.png",
        "GameHallUI/setting.png",
        "GameRoomInfo2DUI/battery_frame.png",
        "GameRoomInfo2DUI/battery_grid.png",
        "GameRoomInfo2DUI/fanghaoshuzi.fnt",
        "GameRoomInfo2DUI/fanghaoshuzi.png",
        "GameRoomInfo2DUI/gmsi_dark_2.png",
        "GameRoomInfo2DUI/gmsi_dark_3.png",
        "GameRoomInfo2DUI/gmsi_light_1.png",
        "GameRoomInfo2DUI/gmsi_light_2.png",
        "GameRoomInfo2DUI/gmsi_light_3.png",
        "GameRoomInfo2DUI/room_img.png",
        "GameRoomInfo2DUI/round_img.png",
        "GameRoomInfo2DUI/wifi_dark_2.png",
        "GameRoomInfo2DUI/wifi_dark_3.png",
        "GameRoomInfo2DUI/wifi_light_1.png",
        "GameRoomInfo2DUI/wifi_light_2.png",
        "GameRoomInfo2DUI/wifi_light_3.png",
        "GameRoomInfoUI/arrange_btn.png",
        "GameRoomInfoUI/communicate_btn.png",
        "GameRoomInfoUI/record_btn.png"
      ],
      "ctype": "GameFileData"
    }
  },
  "Type": "Layer"
}