{
  "ID": "f489f7a2-a916-427c-b1b4-956a29f134c1",
  "Version": "3.10.0.0",
  "Name": "LoginUI",
  "Content": {
    "Content": {
      "Animation": {
        "Duration": 0,
        "Speed": 1.0,
        "Timelines": [],
        "ctype": "TimelineActionData"
      },
      "AnimationList": [],
      "ObjectData": {
        "Tag": 105,
        "Children": [
          {
            "FileData": {
              "Type": "Normal",
              "Path": "BackGround/Background.png",
              "Plist": ""
            },
            "Scale9OriginX": 422,
            "Scale9OriginY": 237,
            "Scale9Width": 436,
            "Scale9Height": 246,
            "AnchorPoint": {
              "ScaleX": 0.5,
              "ScaleY": 0.5
            },
            "Position": {
              "X": 638.72,
              "Y": 360.0
            },
            "Scale": {
              "ScaleX": 1.0,
              "ScaleY": 1.0
            },
            "CColor": {},
            "IconVisible": false,
            "PositionPercentXEnabled": true,
            "PositionPercentYEnabled": true,
            "PrePosition": {
              "X": 0.499,
              "Y": 0.5
            },
            "PercentWidthEnable": true,
            "PercentHeightEnable": true,
            "PercentWidthEnabled": true,
            "PercentHeightEnabled": true,
            "PreSize": {
              "X": 1.0,
              "Y": 1.0
            },
            "LeftMargin": -1.28,
            "RightMargin": 1.28,
            "Tag": 107,
            "ActionTag": -1193361535,
            "Size": {
              "X": 1280.0,
              "Y": 720.0
            },
            "Name": "bg_img",
            "ctype": "ImageViewObjectData"
          },
          {
            "FileData": {
              "Type": "Normal",
              "Path": "LoginUI/gxmj_logo.png",
              "Plist": ""
            },
            "Scale9OriginX": 211,
            "Scale9OriginY": 90,
            "Scale9Width": 212,
            "Scale9Height": 126,
            "AnchorPoint": {
              "ScaleX": 0.5,
              "ScaleY": 0.5
            },
            "Position": {
              "X": 640.0,
              "Y": 453.6
            },
            "Scale": {
              "ScaleX": 1.0,
              "ScaleY": 1.0
            },
            "CColor": {},
            "IconVisible": false,
            "PositionPercentXEnabled": true,
            "PositionPercentYEnabled": true,
            "PrePosition": {
              "X": 0.5,
              "Y": 0.63
            },
            "PreSize": {
              "X": 0.4953,
              "Y": 0.425
            },
            "LeftMargin": 323.0,
            "RightMargin": 323.0,
            "TopMargin": 113.4,
            "BottomMargin": 300.6,
            "Tag": 110,
            "ActionTag": -2002577358,
            "Size": {
              "X": 634.0,
              "Y": 306.0
            },
            "Name": "logo_img",
            "ctype": "ImageViewObjectData"
          },
          {
            "FontSize": 14,
            "ButtonText": "",
            "TextColor": {
              "R": 65,
              "G": 65,
              "B": 70
            },
            "NormalFileData": {
              "Type": "Normal",
              "Path": "LoginUI/wechat_login.png",
              "Plist": ""
            },
            "Scale9OriginX": 15,
            "Scale9OriginY": 11,
            "Scale9Width": 218,
            "Scale9Height": 68,
            "OutlineColor": {
              "G": 0,
              "B": 0
            },
            "ShadowColor": {
              "R": 110,
              "G": 110,
              "B": 110
            },
            "ShadowOffsetX": 2.0,
            "ShadowOffsetY": -2.0,
            "TouchEnable": true,
            "AnchorPoint": {
              "ScaleX": 0.5,
              "ScaleY": 0.5
            },
            "Position": {
              "X": 640.0,
              "Y": 216.0
            },
            "Scale": {
              "ScaleX": 1.0,
              "ScaleY": 1.0
            },
            "CColor": {},
            "IconVisible": false,
            "PositionPercentXEnabled": true,
            "PositionPercentYEnabled": true,
            "PrePosition": {
              "X": 0.5,
              "Y": 0.3
            },
            "PreSize": {
              "X": 0.1937,
              "Y": 0.125
            },
            "LeftMargin": 516.0,
            "RightMargin": 516.0,
            "TopMargin": 459.0,
            "BottomMargin": 171.0,
            "Tag": 109,
            "ActionTag": 519545741,
            "Size": {
              "X": 248.0,
              "Y": 90.0
            },
            "Name": "weixin_login_btn",
            "ctype": "ButtonObjectData"
          },
          {
            "FontSize": 18,
            "LabelText": "本网络游戏适合年满18周岁以上的用户使用",
            "FontResource": {
              "Type": "Normal",
              "Path": "font/zhunyuan.ttf",
              "Plist": ""
            },
            "OutlineColor": {
              "G": 0,
              "B": 0
            },
            "ShadowColor": {
              "R": 110,
              "G": 110,
              "B": 110
            },
            "ShadowOffsetX": 2.0,
            "ShadowOffsetY": -2.0,
            "AnchorPoint": {
              "ScaleX": 0.5,
              "ScaleY": 0.5
            },
            "Position": {
              "X": 640.0,
              "Y": 36.0
            },
            "Scale": {
              "ScaleX": 1.0,
              "ScaleY": 1.0
            },
            "CColor": {
              "R": 204,
              "G": 239,
              "B": 213
            },
            "IconVisible": false,
            "PositionPercentXEnabled": true,
            "PositionPercentYEnabled": true,
            "PrePosition": {
              "X": 0.5,
              "Y": 0.05
            },
            "PreSize": {
              "X": 0.2672,
              "Y": 0.0292
            },
            "LeftMargin": 469.0,
            "RightMargin": 469.0,
            "TopMargin": 673.5,
            "BottomMargin": 25.5,
            "Tag": 1383,
            "ActionTag": -869230851,
            "Size": {
              "X": 342.0,
              "Y": 21.0
            },
            "Name": "tips_label1",
            "ctype": "TextObjectData"
          },
          {
            "FontSize": 18,
            "LabelText": "抵制不良游戏，拒绝盗版游戏。注意自我保护，谨防上当受骗。适度游戏益脑，沉迷游戏伤身，合理安排时间，享受健康生活。",
            "FontResource": {
              "Type": "Normal",
              "Path": "font/zhunyuan.ttf",
              "Plist": ""
            },
            "OutlineColor": {
              "G": 0,
              "B": 0
            },
            "ShadowColor": {
              "R": 110,
              "G": 110,
              "B": 110
            },
            "ShadowOffsetX": 2.0,
            "ShadowOffsetY": -2.0,
            "AnchorPoint": {
              "ScaleX": 0.5,
              "ScaleY": 0.5
            },
            "Position": {
              "X": 640.0,
              "Y": 14.4
            },
            "Scale": {
              "ScaleX": 1.0,
              "ScaleY": 1.0
            },
            "CColor": {
              "R": 204,
              "G": 239,
              "B": 213
            },
            "IconVisible": false,
            "PositionPercentXEnabled": true,
            "PositionPercentYEnabled": true,
            "PrePosition": {
              "X": 0.5,
              "Y": 0.02
            },
            "PreSize": {
              "X": 0.782,
              "Y": 0.0292
            },
            "LeftMargin": 139.5,
            "RightMargin": 139.5,
            "TopMargin": 695.1,
            "BottomMargin": 3.9,
            "Tag": 1384,
            "ActionTag": 1718423561,
            "Size": {
              "X": 1001.0,
              "Y": 21.0
            },
            "Name": "tips_label2",
            "ctype": "TextObjectData"
          },
          {
            "ClipAble": false,
            "BackColorAlpha": 102,
            "ComboBoxIndex": 1,
            "SingleColor": {
              "R": 150,
              "G": 200
            },
            "FirstColor": {
              "R": 150,
              "G": 200
            },
            "EndColor": {},
            "ColorVector": {
              "ScaleY": 1.0
            },
            "Scale9Width": 1,
            "Scale9Height": 1,
            "TouchEnable": true,
            "AnchorPoint": {
              "ScaleX": 0.5,
              "ScaleY": 0.5
            },
            "Position": {
              "X": 640.0,
              "Y": 432.0
            },
            "Scale": {
              "ScaleX": 1.0,
              "ScaleY": 1.0
            },
            "CColor": {},
            "IconVisible": false,
            "PositionPercentXEnabled": true,
            "PositionPercentYEnabled": true,
            "PrePosition": {
              "X": 0.5,
              "Y": 0.6
            },
            "PreSize": {
              "X": 0.625,
              "Y": 0.5556
            },
            "LeftMargin": 240.0,
            "RightMargin": 240.0,
            "TopMargin": 88.0,
            "BottomMargin": 232.0,
            "Tag": 111,
            "Children": [
              {
                "FontSize": 36,
                "LabelText": "账号",
                "OutlineColor": {
                  "G": 0,
                  "B": 0
                },
                "ShadowColor": {
                  "R": 110,
                  "G": 110,
                  "B": 110
                },
                "ShadowOffsetX": 2.0,
                "ShadowOffsetY": -2.0,
                "AnchorPoint": {
                  "ScaleX": 0.5,
                  "ScaleY": 0.5
                },
                "Position": {
                  "X": 150.0,
                  "Y": 300.0
                },
                "Scale": {
                  "ScaleX": 1.0,
                  "ScaleY": 1.0
                },
                "CColor": {
                  "R": 7,
                  "G": 7,
                  "B": 7
                },
                "IconVisible": false,
                "PrePosition": {
                  "X": 0.1875,
                  "Y": 0.75
                },
                "PreSize": {
                  "X": 0.09,
                  "Y": 0.09
                },
                "LeftMargin": 114.0,
                "RightMargin": 614.0,
                "TopMargin": 82.0,
                "BottomMargin": 282.0,
                "Tag": 112,
                "ActionTag": -1841646445,
                "Size": {
                  "X": 72.0,
                  "Y": 36.0
                },
                "Name": "account_label",
                "ctype": "TextObjectData"
              },
              {
                "FontSize": 36,
                "LabelText": "密码",
                "OutlineColor": {
                  "G": 0,
                  "B": 0
                },
                "ShadowColor": {
                  "R": 110,
                  "G": 110,
                  "B": 110
                },
                "ShadowOffsetX": 2.0,
                "ShadowOffsetY": -2.0,
                "AnchorPoint": {
                  "ScaleX": 0.5,
                  "ScaleY": 0.5
                },
                "Position": {
                  "X": 150.0,
                  "Y": 220.0
                },
                "Scale": {
                  "ScaleX": 1.0,
                  "ScaleY": 1.0
                },
                "CColor": {
                  "R": 7,
                  "G": 7,
                  "B": 7
                },
                "IconVisible": false,
                "PrePosition": {
                  "X": 0.1875,
                  "Y": 0.55
                },
                "PreSize": {
                  "X": 0.09,
                  "Y": 0.09
                },
                "LeftMargin": 114.0,
                "RightMargin": 614.0,
                "TopMargin": 162.0,
                "BottomMargin": 202.0,
                "Tag": 113,
                "ActionTag": 722452626,
                "Size": {
                  "X": 72.0,
                  "Y": 36.0
                },
                "Name": "password_label",
                "ctype": "TextObjectData"
              },
              {
                "FontSize": 36,
                "IsCustomSize": true,
                "LabelText": "",
                "PlaceHolderText": "account name",
                "MaxLengthText": 10,
                "TouchEnable": true,
                "AnchorPoint": {
                  "ScaleX": 0.5,
                  "ScaleY": 0.5
                },
                "Position": {
                  "X": 450.0,
                  "Y": 300.0
                },
                "Scale": {
                  "ScaleX": 1.0,
                  "ScaleY": 1.0
                },
                "CColor": {},
                "IconVisible": false,
                "PrePosition": {
                  "X": 0.5625,
                  "Y": 0.75
                },
                "PreSize": {
                  "X": 0.5,
                  "Y": 0.125
                },
                "LeftMargin": 250.0,
                "RightMargin": 150.0,
                "TopMargin": 75.0,
                "BottomMargin": 275.0,
                "Tag": 114,
                "ActionTag": 1102565423,
                "Size": {
                  "X": 400.0,
                  "Y": 50.0
                },
                "Name": "account_input_tf",
                "ctype": "TextFieldObjectData"
              },
              {
                "FontSize": 36,
                "IsCustomSize": true,
                "LabelText": "",
                "PlaceHolderText": "password",
                "MaxLengthText": 10,
                "TouchEnable": true,
                "AnchorPoint": {
                  "ScaleX": 0.5,
                  "ScaleY": 0.5
                },
                "Position": {
                  "X": 450.0,
                  "Y": 220.0
                },
                "Scale": {
                  "ScaleX": 1.0,
                  "ScaleY": 1.0
                },
                "CColor": {},
                "IconVisible": false,
                "PrePosition": {
                  "X": 0.5625,
                  "Y": 0.55
                },
                "PreSize": {
                  "X": 0.5,
                  "Y": 0.125
                },
                "LeftMargin": 250.0,
                "RightMargin": 150.0,
                "TopMargin": 155.0,
                "BottomMargin": 195.0,
                "Tag": 115,
                "ActionTag": -1794333018,
                "Size": {
                  "X": 400.0,
                  "Y": 50.0
                },
                "Name": "password_input_tf",
                "ctype": "TextFieldObjectData"
              },
              {
                "FontSize": 36,
                "ButtonText": "Login",
                "TextColor": {
                  "R": 65,
                  "G": 65,
                  "B": 70
                },
                "DisabledFileData": {
                  "Type": "Default",
                  "Path": "Default/Button_Disable.png",
                  "Plist": ""
                },
                "PressedFileData": {
                  "Type": "Default",
                  "Path": "Default/Button_Press.png",
                  "Plist": ""
                },
                "NormalFileData": {
                  "Type": "Default",
                  "Path": "Default/Button_Normal.png",
                  "Plist": ""
                },
                "Scale9OriginX": 15,
                "Scale9OriginY": 11,
                "Scale9Width": 16,
                "Scale9Height": 14,
                "OutlineColor": {
                  "G": 0,
                  "B": 0
                },
                "ShadowColor": {
                  "R": 110,
                  "G": 110,
                  "B": 110
                },
                "ShadowOffsetX": 2.0,
                "ShadowOffsetY": -2.0,
                "TouchEnable": true,
                "AnchorPoint": {
                  "ScaleX": 0.5,
                  "ScaleY": 0.5
                },
                "Position": {
                  "X": 400.0,
                  "Y": 120.0
                },
                "Scale": {
                  "ScaleX": 1.0,
                  "ScaleY": 1.0
                },
                "CColor": {},
                "IconVisible": false,
                "PositionPercentXEnabled": true,
                "PrePosition": {
                  "X": 0.5,
                  "Y": 0.3
                },
                "PreSize": {
                  "X": 0.125,
                  "Y": 0.125
                },
                "LeftMargin": 350.0,
                "RightMargin": 350.0,
                "TopMargin": 255.0,
                "BottomMargin": 95.0,
                "Tag": 116,
                "ActionTag": -1828025935,
                "Size": {
                  "X": 100.0,
                  "Y": 50.0
                },
                "Name": "login_btn",
                "ctype": "ButtonObjectData"
              }
            ],
            "ActionTag": -1949132896,
            "Size": {
              "X": 800.0,
              "Y": 400.0
            },
            "VisibleForFrame": false,
            "Name": "account_panel",
            "ctype": "PanelObjectData"
          },
          {
            "ClipAble": false,
            "BackColorAlpha": 102,
            "SingleColor": {
              "R": 150,
              "G": 200
            },
            "FirstColor": {
              "R": 150,
              "G": 200
            },
            "EndColor": {},
            "ColorVector": {
              "ScaleY": 1.0
            },
            "Scale9Width": 1,
            "Scale9Height": 1,
            "TouchEnable": true,
            "AnchorPoint": {
              "ScaleX": 0.5,
              "ScaleY": 0.5
            },
            "Position": {
              "X": 640.0,
              "Y": 135.0
            },
            "Scale": {
              "ScaleX": 1.0,
              "ScaleY": 1.0
            },
            "CColor": {},
            "IconVisible": false,
            "PositionPercentXEnabled": true,
            "PrePosition": {
              "X": 0.5,
              "Y": 0.1875
            },
            "PreSize": {
              "X": 0.2344,
              "Y": 0.0833
            },
            "LeftMargin": 490.0,
            "RightMargin": 490.0,
            "TopMargin": 555.0,
            "BottomMargin": 105.0,
            "Tag": 80,
            "Children": [
              {
                "CheckedState": true,
                "DisplayState": false,
                "NormalBackFileData": {
                  "Type": "Normal",
                  "Path": "LoginUI/chx_bg.png",
                  "Plist": ""
                },
                "DisableBackFileData": {
                  "Type": "Normal",
                  "Path": "LoginUI/chx_bg.png",
                  "Plist": ""
                },
                "NodeNormalFileData": {
                  "Type": "Normal",
                  "Path": "LoginUI/chx.png",
                  "Plist": ""
                },
                "NodeDisableFileData": {
                  "Type": "Normal",
                  "Path": "LoginUI/chx.png",
                  "Plist": ""
                },
                "TouchEnable": true,
                "AnchorPoint": {
                  "ScaleX": 0.5,
                  "ScaleY": 0.5
                },
                "Position": {
                  "X": 60.0,
                  "Y": 30.0
                },
                "Scale": {
                  "ScaleX": 1.0,
                  "ScaleY": 1.0
                },
                "CColor": {},
                "IconVisible": false,
                "PositionPercentXEnabled": true,
                "PositionPercentYEnabled": true,
                "PrePosition": {
                  "X": 0.2,
                  "Y": 0.5
                },
                "PreSize": {
                  "X": 0.1667,
                  "Y": 0.8333
                },
                "LeftMargin": 35.0,
                "RightMargin": 215.0,
                "TopMargin": 5.0,
                "BottomMargin": 5.0,
                "Tag": 83,
                "ActionTag": 310197854,
                "Size": {
                  "X": 50.0,
                  "Y": 50.0
                },
                "Name": "user_agree_chx",
                "ctype": "CheckBoxObjectData"
              },
              {
                "FileData": {
                  "Type": "Normal",
                  "Path": "LoginUI/user_protocol.png",
                  "Plist": ""
                },
                "Scale9OriginX": 66,
                "Scale9OriginY": 11,
                "Scale9Width": 50,
                "Scale9Height": 8,
                "TouchEnable": true,
                "AnchorPoint": {
                  "ScaleX": 0.5,
                  "ScaleY": 0.5
                },
                "Position": {
                  "X": 189.0,
                  "Y": 26.4
                },
                "Scale": {
                  "ScaleX": 1.0,
                  "ScaleY": 1.0
                },
                "CColor": {},
                "IconVisible": false,
                "PositionPercentXEnabled": true,
                "PositionPercentYEnabled": true,
                "PrePosition": {
                  "X": 0.63,
                  "Y": 0.44
                },
                "PreSize": {
                  "X": 0.6067,
                  "Y": 0.5
                },
                "LeftMargin": 98.0,
                "RightMargin": 20.0,
                "TopMargin": 18.6,
                "BottomMargin": 11.4,
                "Tag": 84,
                "ActionTag": -668392154,
                "Size": {
                  "X": 182.0,
                  "Y": 30.0
                },
                "Name": "user_agree_img",
                "ctype": "ImageViewObjectData"
              }
            ],
            "ActionTag": 1092763852,
            "Size": {
              "X": 300.0,
              "Y": 60.0
            },
            "Name": "user_agree_panel",
            "ctype": "PanelObjectData"
          }
        ],
        "Size": {
          "X": 1280.0,
          "Y": 720.0
        },
        "Name": "Layer",
        "ctype": "LayerObjectData"
      },
      "UsedResources": [
        "BackGround/Background.png",
        "Default/Button_Disable.png",
        "Default/Button_Normal.png",
        "Default/Button_Press.png",
        "font/zhunyuan.ttf",
        "LoginUI/chx.png",
        "LoginUI/chx_bg.png",
        "LoginUI/gxmj_logo.png",
        "LoginUI/user_protocol.png",
        "LoginUI/wechat_login.png"
      ],
      "ctype": "GameFileData"
    }
  },
  "Type": "Layer"
}