{
  "ID": "ebbe4935-f812-42a3-8256-e1ecba72322e",
  "Version": "3.10.0.0",
  "Name": "PlayBack2DUI",
  "Content": {
    "Content": {
      "Animation": {
        "Duration": 0,
        "Speed": 1.0,
        "Timelines": [],
        "ctype": "TimelineActionData"
      },
      "AnimationList": [],
      "ObjectData": {
        "Tag": 183,
        "Children": [
          {
            "ClipAble": false,
            "BackColorAlpha": 102,
            "SingleColor": {
              "R": 150,
              "G": 200
            },
            "FirstColor": {
              "R": 150,
              "G": 200
            },
            "EndColor": {},
            "ColorVector": {
              "ScaleY": 1.0
            },
            "Scale9OriginX": -69,
            "Scale9OriginY": -10,
            "Scale9Width": 138,
            "Scale9Height": 20,
            "AnchorPoint": {},
            "Position": {
              "X": 614.528,
              "Y": 373.032
            },
            "Scale": {
              "ScaleX": 1.0,
              "ScaleY": 1.0
            },
            "CColor": {},
            "IconVisible": false,
            "PositionPercentXEnabled": true,
            "PositionPercentYEnabled": true,
            "PrePosition": {
              "X": 0.4801,
              "Y": 0.5181
            },
            "PreSize": {
              "X": 0.3125,
              "Y": 0.0694
            },
            "LeftMargin": 614.528,
            "RightMargin": 265.472,
            "TopMargin": 296.968,
            "BottomMargin": 373.032,
            "Tag": 131,
            "Children": [
              {
                "FileData": {
                  "Type": "Normal",
                  "Path": "Default/label_bg.png",
                  "Plist": ""
                },
                "Scale9OriginX": 69,
                "Scale9OriginY": 10,
                "Scale9Width": 72,
                "Scale9Height": 12,
                "AnchorPoint": {
                  "ScaleX": 0.5,
                  "ScaleY": 0.5
                },
                "Position": {
                  "X": 200.0,
                  "Y": 25.0
                },
                "Scale": {
                  "ScaleX": 1.0,
                  "ScaleY": 1.0
                },
                "CColor": {},
                "IconVisible": false,
                "PositionPercentXEnabled": true,
                "PositionPercentYEnabled": true,
                "PrePosition": {
                  "X": 0.5,
                  "Y": 0.5
                },
                "PreSize": {
                  "X": 0.525,
                  "Y": 0.64
                },
                "LeftMargin": 95.0,
                "RightMargin": 95.0,
                "TopMargin": 9.0,
                "BottomMargin": 9.0,
                "Tag": 119,
                "ActionTag": 1065731259,
                "Size": {
                  "X": 210.0,
                  "Y": 32.0
                },
                "Alpha": 204,
                "Name": "label_bg",
                "ctype": "ImageViewObjectData"
              },
              {
                "FontSize": 24,
                "LabelText": "进度：2/191 ",
                "FontResource": {
                  "Type": "Normal",
                  "Path": "font/zhunyuan.ttf",
                  "Plist": ""
                },
                "VerticalAlignmentType": "VT_Center",
                "OutlineColor": {
                  "G": 0,
                  "B": 0
                },
                "ShadowColor": {
                  "R": 110,
                  "G": 110,
                  "B": 110
                },
                "ShadowOffsetX": 2.0,
                "ShadowOffsetY": -2.0,
                "AnchorPoint": {
                  "ScaleX": 0.5,
                  "ScaleY": 0.5
                },
                "Position": {
                  "X": 172.4071,
                  "Y": 25.1306
                },
                "Scale": {
                  "ScaleX": 0.75,
                  "ScaleY": 0.75
                },
                "CColor": {
                  "R": 116,
                  "G": 215,
                  "B": 205
                },
                "IconVisible": false,
                "PrePosition": {
                  "X": 0.431,
                  "Y": 0.5026
                },
                "PreSize": {
                  "X": 0.315,
                  "Y": 0.54
                },
                "LeftMargin": 109.4071,
                "RightMargin": 164.5929,
                "TopMargin": 11.3694,
                "BottomMargin": 11.6306,
                "Tag": 724,
                "ActionTag": -1078523557,
                "Size": {
                  "X": 126.0,
                  "Y": 27.0
                },
                "Name": "rate_label",
                "ctype": "TextObjectData"
              },
              {
                "FontSize": 24,
                "LabelText": " 4倍速",
                "FontResource": {
                  "Type": "Normal",
                  "Path": "font/zhunyuan.ttf",
                  "Plist": ""
                },
                "HorizontalAlignmentType": "HT_Right",
                "VerticalAlignmentType": "VT_Center",
                "OutlineColor": {
                  "G": 0,
                  "B": 0
                },
                "ShadowColor": {
                  "R": 110,
                  "G": 110,
                  "B": 110
                },
                "ShadowOffsetX": 2.0,
                "ShadowOffsetY": -2.0,
                "AnchorPoint": {
                  "ScaleX": 0.5,
                  "ScaleY": 0.5
                },
                "Position": {
                  "X": 254.2538,
                  "Y": 25.1488
                },
                "Scale": {
                  "ScaleX": 0.75,
                  "ScaleY": 0.75
                },
                "CColor": {
                  "R": 249,
                  "G": 219,
                  "B": 8
                },
                "IconVisible": false,
                "PrePosition": {
                  "X": 0.6356,
                  "Y": 0.503
                },
                "PreSize": {
                  "X": 0.175,
                  "Y": 0.54
                },
                "LeftMargin": 219.2538,
                "RightMargin": 110.7462,
                "TopMargin": 11.3512,
                "BottomMargin": 11.6488,
                "Tag": 750,
                "ActionTag": -1481693891,
                "Size": {
                  "X": 70.0,
                  "Y": 27.0
                },
                "Name": "speed_label",
                "ctype": "TextObjectData"
              }
            ],
            "ActionTag": 652340900,
            "Size": {
              "X": 400.0,
              "Y": 50.0
            },
            "Name": "room_info_panel",
            "ctype": "PanelObjectData"
          },
          {
            "ClipAble": false,
            "BackColorAlpha": 102,
            "SingleColor": {
              "R": 150,
              "G": 200
            },
            "FirstColor": {
              "R": 150,
              "G": 200
            },
            "EndColor": {},
            "ColorVector": {
              "ScaleY": 1.0
            },
            "Scale9Width": 1,
            "Scale9Height": 1,
            "TouchEnable": true,
            "AnchorPoint": {
              "ScaleX": 0.5,
              "ScaleY": 0.5
            },
            "Position": {
              "X": 605.184,
              "Y": 169.272
            },
            "Scale": {
              "ScaleX": 1.0,
              "ScaleY": 1.0
            },
            "CColor": {},
            "IconVisible": false,
            "PositionPercentXEnabled": true,
            "PositionPercentYEnabled": true,
            "PrePosition": {
              "X": 0.4728,
              "Y": 0.2351
            },
            "PreSize": {
              "X": 0.4375,
              "Y": 0.1111
            },
            "LeftMargin": 325.184,
            "RightMargin": 394.816,
            "TopMargin": 510.728,
            "BottomMargin": 129.272,
            "Tag": 184,
            "Children": [
              {
                "NormalBackFileData": {
                  "Type": "MarkedSubImage",
                  "Path": "PlayBack2DUI/chow_n.png",
                  "Plist": "PlaybackUI.plist"
                },
                "PressedBackFileData": {
                  "Type": "MarkedSubImage",
                  "Path": "PlayBack2DUI/chow_s.png",
                  "Plist": "PlaybackUI.plist"
                },
                "NodeNormalFileData": {
                  "Type": "MarkedSubImage",
                  "Path": "PlayBack2DUI/chow_s.png",
                  "Plist": "PlaybackUI.plist"
                },
                "TouchEnable": true,
                "AnchorPoint": {
                  "ScaleX": 0.5,
                  "ScaleY": 0.5
                },
                "Position": {
                  "X": 122.0,
                  "Y": 23.021
                },
                "Scale": {
                  "ScaleX": 1.0,
                  "ScaleY": 1.0
                },
                "CColor": {},
                "IconVisible": false,
                "PrePosition": {
                  "X": 0.2179,
                  "Y": 0.2878
                },
                "PreSize": {
                  "X": 0.0929,
                  "Y": 0.6
                },
                "LeftMargin": 96.0,
                "RightMargin": 412.0,
                "TopMargin": 32.979,
                "BottomMargin": -0.979,
                "Tag": 65,
                "ActionTag": -440995626,
                "Size": {
                  "X": 52.0,
                  "Y": 48.0
                },
                "VisibleForFrame": false,
                "Name": "chow_chk",
                "ctype": "CheckBoxObjectData"
              },
              {
                "NormalBackFileData": {
                  "Type": "MarkedSubImage",
                  "Path": "PlayBack2DUI/pong_n.png",
                  "Plist": "PlaybackUI.plist"
                },
                "PressedBackFileData": {
                  "Type": "MarkedSubImage",
                  "Path": "PlayBack2DUI/pong_s.png",
                  "Plist": "PlaybackUI.plist"
                },
                "NodeNormalFileData": {
                  "Type": "MarkedSubImage",
                  "Path": "PlayBack2DUI/pong_s.png",
                  "Plist": "PlaybackUI.plist"
                },
                "TouchEnable": true,
                "AnchorPoint": {
                  "ScaleX": 0.5,
                  "ScaleY": 0.5
                },
                "Position": {
                  "X": 200.0,
                  "Y": 23.021
                },
                "Scale": {
                  "ScaleX": 1.0,
                  "ScaleY": 1.0
                },
                "CColor": {},
                "IconVisible": false,
                "PrePosition": {
                  "X": 0.3571,
                  "Y": 0.2878
                },
                "PreSize": {
                  "X": 0.0929,
                  "Y": 0.6
                },
                "LeftMargin": 174.0,
                "RightMargin": 334.0,
                "TopMargin": 32.979,
                "BottomMargin": -0.979,
                "Tag": 66,
                "ActionTag": 1255922239,
                "Size": {
                  "X": 52.0,
                  "Y": 48.0
                },
                "Name": "pong_chk",
                "ctype": "CheckBoxObjectData"
              },
              {
                "NormalBackFileData": {
                  "Type": "MarkedSubImage",
                  "Path": "PlayBack2DUI/kong_n.png",
                  "Plist": "PlaybackUI.plist"
                },
                "PressedBackFileData": {
                  "Type": "MarkedSubImage",
                  "Path": "PlayBack2DUI/kong_s.png",
                  "Plist": "PlaybackUI.plist"
                },
                "NodeNormalFileData": {
                  "Type": "MarkedSubImage",
                  "Path": "PlayBack2DUI/kong_s.png",
                  "Plist": "PlaybackUI.plist"
                },
                "TouchEnable": true,
                "AnchorPoint": {
                  "ScaleX": 0.5,
                  "ScaleY": 0.5
                },
                "Position": {
                  "X": 278.0,
                  "Y": 23.021
                },
                "Scale": {
                  "ScaleX": 1.0,
                  "ScaleY": 1.0
                },
                "CColor": {},
                "IconVisible": false,
                "PrePosition": {
                  "X": 0.4964,
                  "Y": 0.2878
                },
                "PreSize": {
                  "X": 0.0929,
                  "Y": 0.6
                },
                "LeftMargin": 252.0,
                "RightMargin": 256.0,
                "TopMargin": 32.979,
                "BottomMargin": -0.979,
                "Tag": 67,
                "ActionTag": 1407270995,
                "Size": {
                  "X": 52.0,
                  "Y": 48.0
                },
                "Name": "kong_chk",
                "ctype": "CheckBoxObjectData"
              },
              {
                "NormalBackFileData": {
                  "Type": "MarkedSubImage",
                  "Path": "PlayBack2DUI/win_n.png",
                  "Plist": "PlaybackUI.plist"
                },
                "PressedBackFileData": {
                  "Type": "MarkedSubImage",
                  "Path": "PlayBack2DUI/win_s.png",
                  "Plist": "PlaybackUI.plist"
                },
                "NodeNormalFileData": {
                  "Type": "MarkedSubImage",
                  "Path": "PlayBack2DUI/win_s.png",
                  "Plist": "PlaybackUI.plist"
                },
                "TouchEnable": true,
                "AnchorPoint": {
                  "ScaleX": 0.5,
                  "ScaleY": 0.5
                },
                "Position": {
                  "X": 356.0,
                  "Y": 23.021
                },
                "Scale": {
                  "ScaleX": 1.0,
                  "ScaleY": 1.0
                },
                "CColor": {},
                "IconVisible": false,
                "PrePosition": {
                  "X": 0.6357,
                  "Y": 0.2878
                },
                "PreSize": {
                  "X": 0.0929,
                  "Y": 0.6
                },
                "LeftMargin": 330.0,
                "RightMargin": 178.0,
                "TopMargin": 32.979,
                "BottomMargin": -0.979,
                "Tag": 68,
                "ActionTag": -2122442184,
                "Size": {
                  "X": 52.0,
                  "Y": 48.0
                },
                "Name": "win_chk",
                "ctype": "CheckBoxObjectData"
              },
              {
                "NormalBackFileData": {
                  "Type": "MarkedSubImage",
                  "Path": "PlayBack2DUI/pass_n.png",
                  "Plist": "PlaybackUI.plist"
                },
                "PressedBackFileData": {
                  "Type": "MarkedSubImage",
                  "Path": "PlayBack2DUI/pass_s.png",
                  "Plist": "PlaybackUI.plist"
                },
                "NodeNormalFileData": {
                  "Type": "MarkedSubImage",
                  "Path": "PlayBack2DUI/pass_s.png",
                  "Plist": "PlaybackUI.plist"
                },
                "TouchEnable": true,
                "AnchorPoint": {
                  "ScaleX": 0.5,
                  "ScaleY": 0.5
                },
                "Position": {
                  "X": 434.0,
                  "Y": 23.021
                },
                "Scale": {
                  "ScaleX": 1.0,
                  "ScaleY": 1.0
                },
                "CColor": {},
                "IconVisible": false,
                "PrePosition": {
                  "X": 0.775,
                  "Y": 0.2878
                },
                "PreSize": {
                  "X": 0.0929,
                  "Y": 0.6
                },
                "LeftMargin": 408.0,
                "RightMargin": 100.0,
                "TopMargin": 32.979,
                "BottomMargin": -0.979,
                "Tag": 69,
                "ActionTag": -75092130,
                "Size": {
                  "X": 52.0,
                  "Y": 48.0
                },
                "Name": "pass_chk",
                "ctype": "CheckBoxObjectData"
              }
            ],
            "ActionTag": 260526146,
            "Size": {
              "X": 560.0,
              "Y": 80.0
            },
            "VisibleForFrame": false,
            "Name": "player_operation_panel0",
            "ctype": "PanelObjectData"
          },
          {
            "ClipAble": false,
            "BackColorAlpha": 102,
            "SingleColor": {
              "R": 150,
              "G": 200
            },
            "FirstColor": {
              "R": 150,
              "G": 200
            },
            "EndColor": {},
            "ColorVector": {
              "ScaleY": 1.0
            },
            "Scale9Width": 1,
            "Scale9Height": 1,
            "TouchEnable": true,
            "AnchorPoint": {
              "ScaleX": 0.5,
              "ScaleY": 0.5
            },
            "Position": {
              "X": 1060.224,
              "Y": 379.224
            },
            "Scale": {
              "ScaleX": 1.0,
              "ScaleY": 1.0
            },
            "CColor": {},
            "IconVisible": false,
            "PositionPercentXEnabled": true,
            "PositionPercentYEnabled": true,
            "PrePosition": {
              "X": 0.8283,
              "Y": 0.5267
            },
            "PreSize": {
              "X": 0.0469,
              "Y": 0.5833
            },
            "LeftMargin": 1030.224,
            "RightMargin": 189.776,
            "TopMargin": 130.776,
            "BottomMargin": 169.224,
            "Tag": 1475,
            "Children": [
              {
                "NormalBackFileData": {
                  "Type": "MarkedSubImage",
                  "Path": "PlayBack2DUI/chow_n.png",
                  "Plist": "PlaybackUI.plist"
                },
                "PressedBackFileData": {
                  "Type": "MarkedSubImage",
                  "Path": "PlayBack2DUI/chow_s.png",
                  "Plist": "PlaybackUI.plist"
                },
                "NodeNormalFileData": {
                  "Type": "MarkedSubImage",
                  "Path": "PlayBack2DUI/chow_s.png",
                  "Plist": "PlaybackUI.plist"
                },
                "TouchEnable": true,
                "AnchorPoint": {
                  "ScaleX": 0.5,
                  "ScaleY": 0.5
                },
                "Position": {
                  "X": 27.9491,
                  "Y": 419.0
                },
                "Scale": {
                  "ScaleX": 1.0,
                  "ScaleY": 1.0
                },
                "CColor": {},
                "IconVisible": false,
                "PrePosition": {
                  "X": 0.4658,
                  "Y": 0.9976
                },
                "PreSize": {
                  "X": 0.8667,
                  "Y": 0.1143
                },
                "LeftMargin": 1.9491,
                "RightMargin": 6.0509,
                "TopMargin": -23.0,
                "BottomMargin": 395.0,
                "Tag": 60,
                "ActionTag": 693860142,
                "Size": {
                  "X": 52.0,
                  "Y": 48.0
                },
                "VisibleForFrame": false,
                "Name": "chow_chk",
                "ctype": "CheckBoxObjectData"
              },
              {
                "NormalBackFileData": {
                  "Type": "MarkedSubImage",
                  "Path": "PlayBack2DUI/pong_n.png",
                  "Plist": "PlaybackUI.plist"
                },
                "PressedBackFileData": {
                  "Type": "MarkedSubImage",
                  "Path": "PlayBack2DUI/pong_s.png",
                  "Plist": "PlaybackUI.plist"
                },
                "NodeNormalFileData": {
                  "Type": "MarkedSubImage",
                  "Path": "PlayBack2DUI/pong_s.png",
                  "Plist": "PlaybackUI.plist"
                },
                "TouchEnable": true,
                "AnchorPoint": {
                  "ScaleX": 0.5,
                  "ScaleY": 0.5
                },
                "Position": {
                  "X": 27.9491,
                  "Y": 341.0
                },
                "Scale": {
                  "ScaleX": 1.0,
                  "ScaleY": 1.0
                },
                "CColor": {},
                "IconVisible": false,
                "PrePosition": {
                  "X": 0.4658,
                  "Y": 0.8119
                },
                "PreSize": {
                  "X": 0.8667,
                  "Y": 0.1143
                },
                "LeftMargin": 1.9491,
                "RightMargin": 6.0509,
                "TopMargin": 55.0,
                "BottomMargin": 317.0,
                "Tag": 61,
                "ActionTag": -1113676571,
                "Size": {
                  "X": 52.0,
                  "Y": 48.0
                },
                "Name": "pong_chk",
                "ctype": "CheckBoxObjectData"
              },
              {
                "NormalBackFileData": {
                  "Type": "MarkedSubImage",
                  "Path": "PlayBack2DUI/kong_n.png",
                  "Plist": "PlaybackUI.plist"
                },
                "PressedBackFileData": {
                  "Type": "MarkedSubImage",
                  "Path": "PlayBack2DUI/kong_s.png",
                  "Plist": "PlaybackUI.plist"
                },
                "NodeNormalFileData": {
                  "Type": "MarkedSubImage",
                  "Path": "PlayBack2DUI/kong_s.png",
                  "Plist": "PlaybackUI.plist"
                },
                "TouchEnable": true,
                "AnchorPoint": {
                  "ScaleX": 0.5,
                  "ScaleY": 0.5
                },
                "Position": {
                  "X": 26.3534,
                  "Y": 263.0
                },
                "Scale": {
                  "ScaleX": 1.0,
                  "ScaleY": 1.0
                },
                "CColor": {},
                "IconVisible": false,
                "PrePosition": {
                  "X": 0.4392,
                  "Y": 0.6262
                },
                "PreSize": {
                  "X": 0.8667,
                  "Y": 0.1143
                },
                "LeftMargin": 0.3534,
                "RightMargin": 7.6466,
                "TopMargin": 133.0,
                "BottomMargin": 239.0,
                "Tag": 62,
                "ActionTag": 1746534120,
                "Size": {
                  "X": 52.0,
                  "Y": 48.0
                },
                "Name": "kong_chk",
                "ctype": "CheckBoxObjectData"
              },
              {
                "NormalBackFileData": {
                  "Type": "MarkedSubImage",
                  "Path": "PlayBack2DUI/win_n.png",
                  "Plist": "PlaybackUI.plist"
                },
                "PressedBackFileData": {
                  "Type": "MarkedSubImage",
                  "Path": "PlayBack2DUI/win_s.png",
                  "Plist": "PlaybackUI.plist"
                },
                "NodeNormalFileData": {
                  "Type": "MarkedSubImage",
                  "Path": "PlayBack2DUI/win_s.png",
                  "Plist": "PlaybackUI.plist"
                },
                "TouchEnable": true,
                "AnchorPoint": {
                  "ScaleX": 0.5,
                  "ScaleY": 0.5
                },
                "Position": {
                  "X": 29.5442,
                  "Y": 185.0
                },
                "Scale": {
                  "ScaleX": 1.0,
                  "ScaleY": 1.0
                },
                "CColor": {},
                "IconVisible": false,
                "PrePosition": {
                  "X": 0.4924,
                  "Y": 0.4405
                },
                "PreSize": {
                  "X": 0.8667,
                  "Y": 0.1143
                },
                "LeftMargin": 3.5442,
                "RightMargin": 4.4558,
                "TopMargin": 211.0,
                "BottomMargin": 161.0,
                "Tag": 63,
                "ActionTag": 82581692,
                "Size": {
                  "X": 52.0,
                  "Y": 48.0
                },
                "Name": "win_chk",
                "ctype": "CheckBoxObjectData"
              },
              {
                "NormalBackFileData": {
                  "Type": "MarkedSubImage",
                  "Path": "PlayBack2DUI/pass_n.png",
                  "Plist": "PlaybackUI.plist"
                },
                "PressedBackFileData": {
                  "Type": "MarkedSubImage",
                  "Path": "PlayBack2DUI/pass_s.png",
                  "Plist": "PlaybackUI.plist"
                },
                "NodeNormalFileData": {
                  "Type": "MarkedSubImage",
                  "Path": "PlayBack2DUI/pass_s.png",
                  "Plist": "PlaybackUI.plist"
                },
                "TouchEnable": true,
                "AnchorPoint": {
                  "ScaleX": 0.5,
                  "ScaleY": 0.5
                },
                "Position": {
                  "X": 27.9491,
                  "Y": 110.0
                },
                "Scale": {
                  "ScaleX": 1.0,
                  "ScaleY": 1.0
                },
                "CColor": {},
                "IconVisible": false,
                "PrePosition": {
                  "X": 0.4658,
                  "Y": 0.2619
                },
                "PreSize": {
                  "X": 0.8667,
                  "Y": 0.1143
                },
                "LeftMargin": 1.9491,
                "RightMargin": 6.0509,
                "TopMargin": 286.0,
                "BottomMargin": 86.0,
                "Tag": 64,
                "ActionTag": 52319630,
                "Size": {
                  "X": 52.0,
                  "Y": 48.0
                },
                "Name": "pass_chk",
                "ctype": "CheckBoxObjectData"
              }
            ],
            "ActionTag": -1280614833,
            "Size": {
              "X": 60.0,
              "Y": 420.0
            },
            "VisibleForFrame": false,
            "Name": "player_operation_panel1",
            "ctype": "PanelObjectData"
          },
          {
            "ClipAble": false,
            "BackColorAlpha": 102,
            "SingleColor": {
              "R": 150,
              "G": 200
            },
            "FirstColor": {
              "R": 150,
              "G": 200
            },
            "EndColor": {},
            "ColorVector": {
              "ScaleY": 1.0
            },
            "Scale9Width": 1,
            "Scale9Height": 1,
            "TouchEnable": true,
            "AnchorPoint": {
              "ScaleX": 0.5,
              "ScaleY": 0.5
            },
            "Position": {
              "X": 601.6,
              "Y": 594.504
            },
            "Scale": {
              "ScaleX": 1.0,
              "ScaleY": 1.0
            },
            "CColor": {},
            "IconVisible": false,
            "PositionPercentXEnabled": true,
            "PositionPercentYEnabled": true,
            "PrePosition": {
              "X": 0.47,
              "Y": 0.8257
            },
            "PreSize": {
              "X": 0.4375,
              "Y": 0.1111
            },
            "LeftMargin": 321.6,
            "RightMargin": 398.4,
            "TopMargin": 85.496,
            "BottomMargin": 554.504,
            "Tag": 70,
            "Children": [
              {
                "NormalBackFileData": {
                  "Type": "MarkedSubImage",
                  "Path": "PlayBack2DUI/chow_n.png",
                  "Plist": "PlaybackUI.plist"
                },
                "PressedBackFileData": {
                  "Type": "MarkedSubImage",
                  "Path": "PlayBack2DUI/chow_s.png",
                  "Plist": "PlaybackUI.plist"
                },
                "NodeNormalFileData": {
                  "Type": "MarkedSubImage",
                  "Path": "PlayBack2DUI/chow_s.png",
                  "Plist": "PlaybackUI.plist"
                },
                "TouchEnable": true,
                "AnchorPoint": {
                  "ScaleX": 0.5,
                  "ScaleY": 0.5
                },
                "Position": {
                  "X": 122.0,
                  "Y": 23.021
                },
                "Scale": {
                  "ScaleX": 1.0,
                  "ScaleY": 1.0
                },
                "CColor": {},
                "IconVisible": false,
                "PrePosition": {
                  "X": 0.2179,
                  "Y": 0.2878
                },
                "PreSize": {
                  "X": 0.0929,
                  "Y": 0.6
                },
                "LeftMargin": 96.0,
                "RightMargin": 412.0,
                "TopMargin": 32.979,
                "BottomMargin": -0.979,
                "Tag": 71,
                "ActionTag": 2009434049,
                "Size": {
                  "X": 52.0,
                  "Y": 48.0
                },
                "VisibleForFrame": false,
                "Name": "chow_chk",
                "ctype": "CheckBoxObjectData"
              },
              {
                "NormalBackFileData": {
                  "Type": "MarkedSubImage",
                  "Path": "PlayBack2DUI/pong_n.png",
                  "Plist": "PlaybackUI.plist"
                },
                "PressedBackFileData": {
                  "Type": "MarkedSubImage",
                  "Path": "PlayBack2DUI/pong_s.png",
                  "Plist": "PlaybackUI.plist"
                },
                "NodeNormalFileData": {
                  "Type": "MarkedSubImage",
                  "Path": "PlayBack2DUI/pong_s.png",
                  "Plist": "PlaybackUI.plist"
                },
                "TouchEnable": true,
                "AnchorPoint": {
                  "ScaleX": 0.5,
                  "ScaleY": 0.5
                },
                "Position": {
                  "X": 200.0,
                  "Y": 23.0209
                },
                "Scale": {
                  "ScaleX": 1.0,
                  "ScaleY": 1.0
                },
                "CColor": {},
                "IconVisible": false,
                "PrePosition": {
                  "X": 0.3571,
                  "Y": 0.2878
                },
                "PreSize": {
                  "X": 0.0929,
                  "Y": 0.6
                },
                "LeftMargin": 174.0,
                "RightMargin": 334.0,
                "TopMargin": 32.9791,
                "BottomMargin": -0.9791,
                "Tag": 72,
                "ActionTag": -1925752331,
                "Size": {
                  "X": 52.0,
                  "Y": 48.0
                },
                "Name": "pong_chk",
                "ctype": "CheckBoxObjectData"
              },
              {
                "NormalBackFileData": {
                  "Type": "MarkedSubImage",
                  "Path": "PlayBack2DUI/kong_n.png",
                  "Plist": "PlaybackUI.plist"
                },
                "PressedBackFileData": {
                  "Type": "MarkedSubImage",
                  "Path": "PlayBack2DUI/kong_s.png",
                  "Plist": "PlaybackUI.plist"
                },
                "NodeNormalFileData": {
                  "Type": "MarkedSubImage",
                  "Path": "PlayBack2DUI/kong_s.png",
                  "Plist": "PlaybackUI.plist"
                },
                "TouchEnable": true,
                "AnchorPoint": {
                  "ScaleX": 0.5,
                  "ScaleY": 0.5
                },
                "Position": {
                  "X": 278.0,
                  "Y": 23.0209
                },
                "Scale": {
                  "ScaleX": 1.0,
                  "ScaleY": 1.0
                },
                "CColor": {},
                "IconVisible": false,
                "PrePosition": {
                  "X": 0.4964,
                  "Y": 0.2878
                },
                "PreSize": {
                  "X": 0.0929,
                  "Y": 0.6
                },
                "LeftMargin": 252.0,
                "RightMargin": 256.0,
                "TopMargin": 32.9791,
                "BottomMargin": -0.9791,
                "Tag": 73,
                "ActionTag": -707456041,
                "Size": {
                  "X": 52.0,
                  "Y": 48.0
                },
                "Name": "kong_chk",
                "ctype": "CheckBoxObjectData"
              },
              {
                "NormalBackFileData": {
                  "Type": "MarkedSubImage",
                  "Path": "PlayBack2DUI/win_n.png",
                  "Plist": "PlaybackUI.plist"
                },
                "PressedBackFileData": {
                  "Type": "MarkedSubImage",
                  "Path": "PlayBack2DUI/win_s.png",
                  "Plist": "PlaybackUI.plist"
                },
                "NodeNormalFileData": {
                  "Type": "MarkedSubImage",
                  "Path": "PlayBack2DUI/win_s.png",
                  "Plist": "PlaybackUI.plist"
                },
                "TouchEnable": true,
                "AnchorPoint": {
                  "ScaleX": 0.5,
                  "ScaleY": 0.5
                },
                "Position": {
                  "X": 356.0,
                  "Y": 23.0209
                },
                "Scale": {
                  "ScaleX": 1.0,
                  "ScaleY": 1.0
                },
                "CColor": {},
                "IconVisible": false,
                "PrePosition": {
                  "X": 0.6357,
                  "Y": 0.2878
                },
                "PreSize": {
                  "X": 0.0929,
                  "Y": 0.6
                },
                "LeftMargin": 330.0,
                "RightMargin": 178.0,
                "TopMargin": 32.9791,
                "BottomMargin": -0.9791,
                "Tag": 74,
                "ActionTag": -101090178,
                "Size": {
                  "X": 52.0,
                  "Y": 48.0
                },
                "Name": "win_chk",
                "ctype": "CheckBoxObjectData"
              },
              {
                "NormalBackFileData": {
                  "Type": "MarkedSubImage",
                  "Path": "PlayBack2DUI/pass_n.png",
                  "Plist": "PlaybackUI.plist"
                },
                "PressedBackFileData": {
                  "Type": "MarkedSubImage",
                  "Path": "PlayBack2DUI/pass_s.png",
                  "Plist": "PlaybackUI.plist"
                },
                "NodeNormalFileData": {
                  "Type": "MarkedSubImage",
                  "Path": "PlayBack2DUI/pass_s.png",
                  "Plist": "PlaybackUI.plist"
                },
                "TouchEnable": true,
                "AnchorPoint": {
                  "ScaleX": 0.5,
                  "ScaleY": 0.5
                },
                "Position": {
                  "X": 434.0,
                  "Y": 23.0209
                },
                "Scale": {
                  "ScaleX": 1.0,
                  "ScaleY": 1.0
                },
                "CColor": {},
                "IconVisible": false,
                "PrePosition": {
                  "X": 0.775,
                  "Y": 0.2878
                },
                "PreSize": {
                  "X": 0.0929,
                  "Y": 0.6
                },
                "LeftMargin": 408.0,
                "RightMargin": 100.0,
                "TopMargin": 32.9791,
                "BottomMargin": -0.9791,
                "Tag": 75,
                "ActionTag": -710547193,
                "Size": {
                  "X": 52.0,
                  "Y": 48.0
                },
                "Name": "pass_chk",
                "ctype": "CheckBoxObjectData"
              }
            ],
            "ActionTag": -761530772,
            "Size": {
              "X": 560.0,
              "Y": 80.0
            },
            "VisibleForFrame": false,
            "Name": "player_operation_panel2",
            "ctype": "PanelObjectData"
          },
          {
            "ClipAble": false,
            "BackColorAlpha": 102,
            "SingleColor": {
              "R": 150,
              "G": 200
            },
            "FirstColor": {
              "R": 150,
              "G": 200
            },
            "EndColor": {},
            "ColorVector": {
              "ScaleY": 1.0
            },
            "Scale9Width": 1,
            "Scale9Height": 1,
            "TouchEnable": true,
            "AnchorPoint": {
              "ScaleX": 0.5,
              "ScaleY": 0.5
            },
            "Position": {
              "X": 208.64,
              "Y": 410.184
            },
            "Scale": {
              "ScaleX": 1.0,
              "ScaleY": 1.0
            },
            "CColor": {},
            "IconVisible": false,
            "PositionPercentXEnabled": true,
            "PositionPercentYEnabled": true,
            "PrePosition": {
              "X": 0.163,
              "Y": 0.5697
            },
            "PreSize": {
              "X": 0.0469,
              "Y": 0.5833
            },
            "LeftMargin": 178.64,
            "RightMargin": 1041.36,
            "TopMargin": 99.816,
            "BottomMargin": 200.184,
            "Tag": 76,
            "Children": [
              {
                "NormalBackFileData": {
                  "Type": "MarkedSubImage",
                  "Path": "PlayBack2DUI/chow_n.png",
                  "Plist": "PlaybackUI.plist"
                },
                "PressedBackFileData": {
                  "Type": "MarkedSubImage",
                  "Path": "PlayBack2DUI/chow_s.png",
                  "Plist": "PlaybackUI.plist"
                },
                "NodeNormalFileData": {
                  "Type": "MarkedSubImage",
                  "Path": "PlayBack2DUI/chow_s.png",
                  "Plist": "PlaybackUI.plist"
                },
                "TouchEnable": true,
                "AnchorPoint": {
                  "ScaleX": 0.5,
                  "ScaleY": 0.5
                },
                "Position": {
                  "X": 27.9491,
                  "Y": 410.0
                },
                "Scale": {
                  "ScaleX": 1.0,
                  "ScaleY": 1.0
                },
                "CColor": {},
                "IconVisible": false,
                "PrePosition": {
                  "X": 0.4658,
                  "Y": 0.9762
                },
                "PreSize": {
                  "X": 0.8667,
                  "Y": 0.1143
                },
                "LeftMargin": 1.9491,
                "RightMargin": 6.0509,
                "TopMargin": -14.0,
                "BottomMargin": 386.0,
                "Tag": 77,
                "ActionTag": 1428675044,
                "Size": {
                  "X": 52.0,
                  "Y": 48.0
                },
                "VisibleForFrame": false,
                "Name": "chow_chk",
                "ctype": "CheckBoxObjectData"
              },
              {
                "NormalBackFileData": {
                  "Type": "MarkedSubImage",
                  "Path": "PlayBack2DUI/pong_n.png",
                  "Plist": "PlaybackUI.plist"
                },
                "PressedBackFileData": {
                  "Type": "MarkedSubImage",
                  "Path": "PlayBack2DUI/pong_s.png",
                  "Plist": "PlaybackUI.plist"
                },
                "NodeNormalFileData": {
                  "Type": "MarkedSubImage",
                  "Path": "PlayBack2DUI/pong_s.png",
                  "Plist": "PlaybackUI.plist"
                },
                "TouchEnable": true,
                "AnchorPoint": {
                  "ScaleX": 0.5,
                  "ScaleY": 0.5
                },
                "Position": {
                  "X": 27.9491,
                  "Y": 335.0
                },
                "Scale": {
                  "ScaleX": 1.0,
                  "ScaleY": 1.0
                },
                "CColor": {},
                "IconVisible": false,
                "PrePosition": {
                  "X": 0.4658,
                  "Y": 0.7976
                },
                "PreSize": {
                  "X": 0.8667,
                  "Y": 0.1143
                },
                "LeftMargin": 1.9491,
                "RightMargin": 6.0509,
                "TopMargin": 61.0,
                "BottomMargin": 311.0,
                "Tag": 78,
                "ActionTag": -969952863,
                "Size": {
                  "X": 52.0,
                  "Y": 48.0
                },
                "Name": "pong_chk",
                "ctype": "CheckBoxObjectData"
              },
              {
                "NormalBackFileData": {
                  "Type": "MarkedSubImage",
                  "Path": "PlayBack2DUI/kong_n.png",
                  "Plist": "PlaybackUI.plist"
                },
                "PressedBackFileData": {
                  "Type": "MarkedSubImage",
                  "Path": "PlayBack2DUI/kong_s.png",
                  "Plist": "PlaybackUI.plist"
                },
                "NodeNormalFileData": {
                  "Type": "MarkedSubImage",
                  "Path": "PlayBack2DUI/kong_s.png",
                  "Plist": "PlaybackUI.plist"
                },
                "TouchEnable": true,
                "AnchorPoint": {
                  "ScaleX": 0.5,
                  "ScaleY": 0.5
                },
                "Position": {
                  "X": 26.3534,
                  "Y": 260.0
                },
                "Scale": {
                  "ScaleX": 1.0,
                  "ScaleY": 1.0
                },
                "CColor": {},
                "IconVisible": false,
                "PrePosition": {
                  "X": 0.4392,
                  "Y": 0.619
                },
                "PreSize": {
                  "X": 0.8667,
                  "Y": 0.1143
                },
                "LeftMargin": 0.3534,
                "RightMargin": 7.6466,
                "TopMargin": 136.0,
                "BottomMargin": 236.0,
                "Tag": 79,
                "ActionTag": -2081700667,
                "Size": {
                  "X": 52.0,
                  "Y": 48.0
                },
                "Name": "kong_chk",
                "ctype": "CheckBoxObjectData"
              },
              {
                "NormalBackFileData": {
                  "Type": "MarkedSubImage",
                  "Path": "PlayBack2DUI/win_n.png",
                  "Plist": "PlaybackUI.plist"
                },
                "PressedBackFileData": {
                  "Type": "MarkedSubImage",
                  "Path": "PlayBack2DUI/win_s.png",
                  "Plist": "PlaybackUI.plist"
                },
                "NodeNormalFileData": {
                  "Type": "MarkedSubImage",
                  "Path": "PlayBack2DUI/win_s.png",
                  "Plist": "PlaybackUI.plist"
                },
                "TouchEnable": true,
                "AnchorPoint": {
                  "ScaleX": 0.5,
                  "ScaleY": 0.5
                },
                "Position": {
                  "X": 29.5442,
                  "Y": 185.0
                },
                "Scale": {
                  "ScaleX": 1.0,
                  "ScaleY": 1.0
                },
                "CColor": {},
                "IconVisible": false,
                "PrePosition": {
                  "X": 0.4924,
                  "Y": 0.4405
                },
                "PreSize": {
                  "X": 0.8667,
                  "Y": 0.1143
                },
                "LeftMargin": 3.5442,
                "RightMargin": 4.4558,
                "TopMargin": 211.0,
                "BottomMargin": 161.0,
                "Tag": 80,
                "ActionTag": 645903828,
                "Size": {
                  "X": 52.0,
                  "Y": 48.0
                },
                "Name": "win_chk",
                "ctype": "CheckBoxObjectData"
              },
              {
                "NormalBackFileData": {
                  "Type": "MarkedSubImage",
                  "Path": "PlayBack2DUI/pass_n.png",
                  "Plist": "PlaybackUI.plist"
                },
                "PressedBackFileData": {
                  "Type": "MarkedSubImage",
                  "Path": "PlayBack2DUI/pass_s.png",
                  "Plist": "PlaybackUI.plist"
                },
                "NodeNormalFileData": {
                  "Type": "MarkedSubImage",
                  "Path": "PlayBack2DUI/pass_s.png",
                  "Plist": "PlaybackUI.plist"
                },
                "TouchEnable": true,
                "AnchorPoint": {
                  "ScaleX": 0.5,
                  "ScaleY": 0.5
                },
                "Position": {
                  "X": 27.9491,
                  "Y": 110.0
                },
                "Scale": {
                  "ScaleX": 1.0,
                  "ScaleY": 1.0
                },
                "CColor": {},
                "IconVisible": false,
                "PrePosition": {
                  "X": 0.4658,
                  "Y": 0.2619
                },
                "PreSize": {
                  "X": 0.8667,
                  "Y": 0.1143
                },
                "LeftMargin": 1.9491,
                "RightMargin": 6.0509,
                "TopMargin": 286.0,
                "BottomMargin": 86.0,
                "Tag": 81,
                "ActionTag": -2111118945,
                "Size": {
                  "X": 52.0,
                  "Y": 48.0
                },
                "Name": "pass_chk",
                "ctype": "CheckBoxObjectData"
              }
            ],
            "ActionTag": 443443310,
            "Size": {
              "X": 60.0,
              "Y": 420.0
            },
            "VisibleForFrame": false,
            "Name": "player_operation_panel3",
            "ctype": "PanelObjectData"
          },
          {
            "FileData": {
              "Type": "MarkedSubImage",
              "Path": "PlayBack2DUI/finger.png",
              "Plist": "PlaybackUI.plist"
            },
            "BlendFunc": {
              "Src": 1,
              "Dst": 771
            },
            "AnchorPoint": {
              "ScaleY": 1.0
            },
            "Position": {
              "X": -179.3012,
              "Y": 189.4958
            },
            "Scale": {
              "ScaleX": 1.0,
              "ScaleY": 1.0
            },
            "CColor": {},
            "IconVisible": false,
            "PrePosition": {
              "X": -0.1401,
              "Y": 0.2632
            },
            "PreSize": {
              "X": 0.0578,
              "Y": 0.1083
            },
            "LeftMargin": -179.3012,
            "RightMargin": 1385.3011,
            "TopMargin": 530.5042,
            "BottomMargin": 111.4958,
            "Tag": 82,
            "ActionTag": -574708197,
            "Size": {
              "X": 74.0,
              "Y": 78.0
            },
            "Name": "finger_img",
            "ctype": "SpriteObjectData"
          }
        ],
        "Size": {
          "X": 1280.0,
          "Y": 720.0
        },
        "Name": "Layer",
        "ctype": "LayerObjectData"
      },
      "UsedResources": [
        "Default/label_bg.png",
        "font/zhunyuan.ttf",
        "PlaybackUI.plist",
        "PlaybackUI.png"
      ],
      "ctype": "GameFileData"
    }
  },
  "Type": "Layer"
}