{
  "ID": "05452312-d495-44e7-8fe1-646630d7d5dc",
  "Version": "3.10.0.0",
  "Name": "PublicNumUI",
  "Content": {
    "Content": {
      "Animation": {
        "Duration": 0,
        "Speed": 1.0,
        "Timelines": [],
        "ctype": "TimelineActionData"
      },
      "AnimationList": [],
      "ObjectData": {
        "Tag": 2827,
        "Children": [
          {
            "ClipAble": false,
            "BackColorAlpha": 178,
            "ComboBoxIndex": 1,
            "SingleColor": {
              "R": 0,
              "G": 0,
              "B": 0
            },
            "FirstColor": {
              "R": 150,
              "G": 200
            },
            "EndColor": {},
            "ColorVector": {
              "ScaleY": 1.0
            },
            "Scale9Width": 1,
            "Scale9Height": 1,
            "TouchEnable": true,
            "AnchorPoint": {},
            "Position": {
              "X": 0.0,
              "Y": 0.0
            },
            "Scale": {
              "ScaleX": 1.0,
              "ScaleY": 1.0
            },
            "CColor": {},
            "IconVisible": false,
            "PrePosition": {
              "X": 0.0,
              "Y": 0.0
            },
            "PercentWidthEnable": true,
            "PercentHeightEnable": true,
            "PercentWidthEnabled": true,
            "PercentHeightEnabled": true,
            "PreSize": {
              "X": 1.0,
              "Y": 1.0
            },
            "Tag": 121,
            "ActionTag": -1638156003,
            "Size": {
              "X": 1280.0,
              "Y": 720.0
            },
            "Name": "bg_panel",
            "ctype": "PanelObjectData"
          },
          {
            "ClipAble": false,
            "BackColorAlpha": 102,
            "FileData": {
              "Type": "Normal",
              "Path": "BackGround/player_win.png",
              "Plist": ""
            },
            "SingleColor": {
              "R": 150,
              "G": 200
            },
            "FirstColor": {
              "R": 150,
              "G": 200
            },
            "EndColor": {},
            "ColorVector": {
              "ScaleY": 1.0
            },
            "Scale9Enable": true,
            "Scale9OriginX": 100,
            "Scale9OriginY": 100,
            "Scale9Width": 414,
            "Scale9Height": 185,
            "TouchEnable": true,
            "AnchorPoint": {
              "ScaleX": 0.5,
              "ScaleY": 0.5
            },
            "Position": {
              "X": 640.0,
              "Y": 360.0
            },
            "Scale": {
              "ScaleX": 1.0,
              "ScaleY": 1.0
            },
            "CColor": {},
            "IconVisible": false,
            "PositionPercentXEnabled": true,
            "PositionPercentYEnabled": true,
            "PrePosition": {
              "X": 0.5,
              "Y": 0.5
            },
            "PreSize": {
              "X": 0.4797,
              "Y": 0.5347
            },
            "LeftMargin": 333.0,
            "RightMargin": 333.0,
            "TopMargin": 167.5,
            "BottomMargin": 167.5,
            "Tag": 2829,
            "Children": [
              {
                "IsCustomSize": true,
                "FontSize": 26,
                "LabelText": "请访问微信公众号搜索\n【飞侠山西互娱】进行充值\n或扫以下二维码直接进入公众号进行充值",
                "FontResource": {
                  "Type": "Normal",
                  "Path": "font/zhunyuan.ttf",
                  "Plist": ""
                },
                "HorizontalAlignmentType": "HT_Center",
                "VerticalAlignmentType": "VT_Center",
                "OutlineColor": {
                  "G": 0,
                  "B": 0
                },
                "ShadowColor": {
                  "R": 110,
                  "G": 110,
                  "B": 110
                },
                "ShadowOffsetX": 2.0,
                "ShadowOffsetY": -2.0,
                "AnchorPoint": {
                  "ScaleX": 0.5,
                  "ScaleY": 0.5
                },
                "Position": {
                  "X": 307.0,
                  "Y": 277.2
                },
                "Scale": {
                  "ScaleX": 1.0,
                  "ScaleY": 1.0
                },
                "CColor": {
                  "R": 153,
                  "G": 102,
                  "B": 51
                },
                "IconVisible": false,
                "PositionPercentXEnabled": true,
                "PositionPercentYEnabled": true,
                "PrePosition": {
                  "X": 0.5,
                  "Y": 0.72
                },
                "PreSize": {
                  "X": 0.8143,
                  "Y": 0.2597
                },
                "LeftMargin": 57.0,
                "RightMargin": 57.0,
                "TopMargin": 57.8,
                "BottomMargin": 227.2,
                "Tag": 2831,
                "ActionTag": 1539582924,
                "Size": {
                  "X": 500.0,
                  "Y": 100.0
                },
                "Name": "content_label",
                "ctype": "TextObjectData"
              },
              {
                "FontSize": 14,
                "ButtonText": "",
                "TextColor": {
                  "R": 65,
                  "G": 65,
                  "B": 70
                },
                "NormalFileData": {
                  "Type": "Normal",
                  "Path": "Default/return_btn.png",
                  "Plist": ""
                },
                "Scale9Enable": true,
                "Scale9OriginX": 15,
                "Scale9OriginY": 11,
                "Scale9Width": 12,
                "Scale9Height": 20,
                "OutlineColor": {
                  "G": 0,
                  "B": 0
                },
                "ShadowColor": {
                  "R": 110,
                  "G": 110,
                  "B": 110
                },
                "ShadowOffsetX": 2.0,
                "ShadowOffsetY": -2.0,
                "TouchEnable": true,
                "AnchorPoint": {
                  "ScaleX": 0.5,
                  "ScaleY": 0.5
                },
                "Position": {
                  "X": 567.7044,
                  "Y": 347.1545
                },
                "Scale": {
                  "ScaleX": 1.0,
                  "ScaleY": 1.0
                },
                "CColor": {},
                "IconVisible": false,
                "PositionPercentXEnabled": true,
                "PositionPercentYEnabled": true,
                "PrePosition": {
                  "X": 0.9246,
                  "Y": 0.9017
                },
                "PreSize": {
                  "X": 0.0814,
                  "Y": 0.1299
                },
                "LeftMargin": 542.7044,
                "RightMargin": 21.2956,
                "TopMargin": 12.8455,
                "BottomMargin": 322.1545,
                "Tag": 2830,
                "ActionTag": -2134665670,
                "Size": {
                  "X": 50.0,
                  "Y": 50.0
                },
                "Name": "return_btn",
                "ctype": "ButtonObjectData"
              },
              {
                "FontSize": 14,
                "ButtonText": "",
                "TextColor": {
                  "R": 65,
                  "G": 65,
                  "B": 70
                },
                "NormalFileData": {
                  "Type": "Normal",
                  "Path": "Default/ok_btn.png",
                  "Plist": ""
                },
                "Scale9Enable": true,
                "Scale9OriginX": 15,
                "Scale9OriginY": 11,
                "Scale9Width": 183,
                "Scale9Height": 68,
                "OutlineColor": {
                  "G": 0,
                  "B": 0
                },
                "ShadowColor": {
                  "R": 110,
                  "G": 110,
                  "B": 110
                },
                "ShadowOffsetX": 2.0,
                "ShadowOffsetY": -2.0,
                "TouchEnable": true,
                "AnchorPoint": {
                  "ScaleX": 0.5,
                  "ScaleY": 0.5
                },
                "Position": {
                  "X": 307.0,
                  "Y": 84.7
                },
                "Scale": {
                  "ScaleX": 0.8,
                  "ScaleY": 0.8
                },
                "CColor": {},
                "IconVisible": false,
                "PositionPercentXEnabled": true,
                "PositionPercentYEnabled": true,
                "PrePosition": {
                  "X": 0.5,
                  "Y": 0.22
                },
                "PreSize": {
                  "X": 0.3469,
                  "Y": 0.2338
                },
                "LeftMargin": 200.5,
                "RightMargin": 200.5,
                "TopMargin": 255.3,
                "BottomMargin": 39.7,
                "Tag": 623,
                "ActionTag": -1616775282,
                "Size": {
                  "X": 213.0,
                  "Y": 90.0
                },
                "VisibleForFrame": false,
                "Name": "confirm_btn",
                "ctype": "ButtonObjectData"
              },
              {
                "FileData": {
                  "Type": "Normal",
                  "Path": "Default/public_num.png",
                  "Plist": ""
                },
                "Scale9OriginX": 52,
                "Scale9OriginY": 52,
                "Scale9Width": 54,
                "Scale9Height": 54,
                "AnchorPoint": {
                  "ScaleX": 0.5,
                  "ScaleY": 0.5
                },
                "Position": {
                  "X": 307.0,
                  "Y": 127.05
                },
                "Scale": {
                  "ScaleX": 1.0,
                  "ScaleY": 1.0
                },
                "CColor": {},
                "IconVisible": false,
                "PositionPercentXEnabled": true,
                "PositionPercentYEnabled": true,
                "PrePosition": {
                  "X": 0.5,
                  "Y": 0.33
                },
                "PreSize": {
                  "X": 0.2573,
                  "Y": 0.4104
                },
                "LeftMargin": 228.0,
                "RightMargin": 228.0,
                "TopMargin": 178.95,
                "BottomMargin": 48.05,
                "Tag": 18,
                "ActionTag": 497345420,
                "Size": {
                  "X": 158.0,
                  "Y": 158.0
                },
                "Name": "public_num_img",
                "ctype": "ImageViewObjectData"
              }
            ],
            "ActionTag": 148716320,
            "Size": {
              "X": 614.0,
              "Y": 385.0
            },
            "Name": "info_panel",
            "ctype": "PanelObjectData"
          }
        ],
        "Size": {
          "X": 1280.0,
          "Y": 720.0
        },
        "Name": "Layer",
        "ctype": "LayerObjectData"
      },
      "UsedResources": [
        "BackGround/player_win.png",
        "Default/ok_btn.png",
        "Default/public_num.png",
        "Default/return_btn.png",
        "font/zhunyuan.ttf"
      ],
      "ctype": "GameFileData"
    }
  },
  "Type": "Layer"
}