{
  "ID": "6b540714-0607-4f78-a6a9-863bddf3037f",
  "Version": "3.10.0.0",
  "Name": "CommunicateUI",
  "Content": {
    "Content": {
      "Animation": {
        "Duration": 0,
        "Speed": 1.0,
        "Timelines": [],
        "ctype": "TimelineActionData"
      },
      "AnimationList": [],
      "ObjectData": {
        "Children": [
          {
            "ClipAble": false,
            "BackColorAlpha": 178,
            "SingleColor": {},
            "FirstColor": {
              "R": 150,
              "G": 200
            },
            "EndColor": {},
            "ColorVector": {
              "ScaleY": 1.0
            },
            "Scale9Width": 1,
            "Scale9Height": 1,
            "TouchEnable": true,
            "AnchorPoint": {},
            "Position": {
              "X": 0.0,
              "Y": 0.0
            },
            "Scale": {
              "ScaleX": 1.0,
              "ScaleY": 1.0
            },
            "CColor": {},
            "IconVisible": false,
            "PrePosition": {
              "X": 0.0,
              "Y": 0.0
            },
            "PercentWidthEnable": true,
            "PercentHeightEnable": true,
            "PercentWidthEnabled": true,
            "PercentHeightEnabled": true,
            "PreSize": {
              "X": 1.0,
              "Y": 1.0
            },
            "Tag": 2,
            "ActionTag": -1192582095,
            "Size": {
              "X": 1280.0,
              "Y": 720.0
            },
            "Name": "bg_panel",
            "ctype": "PanelObjectData"
          },
          {
            "ClipAble": false,
            "BackColorAlpha": 102,
            "FileData": {
              "Type": "Normal",
              "Path": "CommunicateUI/communicate_frame.png",
              "Plist": ""
            },
            "SingleColor": {
              "R": 150,
              "G": 200
            },
            "FirstColor": {
              "R": 150,
              "G": 200
            },
            "EndColor": {},
            "ColorVector": {
              "ScaleY": 1.0
            },
            "Scale9OriginX": 173,
            "Scale9OriginY": 122,
            "Scale9Width": 200,
            "Scale9Height": 314,
            "TouchEnable": true,
            "AnchorPoint": {
              "ScaleX": 1.0
            },
            "Position": {
              "X": 1088.0,
              "Y": 72.0
            },
            "Scale": {
              "ScaleX": 1.0,
              "ScaleY": 1.0
            },
            "CColor": {},
            "IconVisible": false,
            "PositionPercentXEnabled": true,
            "PositionPercentYEnabled": true,
            "PrePosition": {
              "X": 0.85,
              "Y": 0.1
            },
            "PreSize": {
              "X": 0.4375,
              "Y": 0.8056
            },
            "LeftMargin": 528.0,
            "RightMargin": 192.0,
            "TopMargin": 68.0,
            "BottomMargin": 72.0,
            "Tag": 20,
            "Children": [
              {
                "FileData": {
                  "Type": "Normal",
                  "Path": "CommunicateUI/mask_bg.png",
                  "Plist": ""
                },
                "Scale9Enable": true,
                "Scale9OriginX": 145,
                "Scale9OriginY": 37,
                "Scale9Width": 152,
                "Scale9Height": 40,
                "AnchorPoint": {
                  "ScaleX": 0.5,
                  "ScaleY": 1.0
                },
                "Position": {
                  "X": 247.0,
                  "Y": 560.0
                },
                "Scale": {
                  "ScaleX": 1.0,
                  "ScaleY": 1.0
                },
                "CColor": {},
                "IconVisible": false,
                "PrePosition": {
                  "X": 0.4411,
                  "Y": 0.9655
                },
                "PreSize": {
                  "X": 0.7893,
                  "Y": 0.7914
                },
                "LeftMargin": 26.0,
                "RightMargin": 92.0,
                "TopMargin": 20.0,
                "BottomMargin": 101.0,
                "Tag": 62,
                "ActionTag": -743592167,
                "Size": {
                  "X": 442.0,
                  "Y": 459.0
                },
                "Name": "mask_bg_img",
                "ctype": "ImageViewObjectData"
              },
              {
                "InnerNodeSize": {
                  "Width": 414,
                  "Height": 420
                },
                "ScrollDirectionType": "Vertical",
                "ClipAble": true,
                "BackColorAlpha": 102,
                "SingleColor": {
                  "G": 150,
                  "B": 100
                },
                "FirstColor": {
                  "G": 150,
                  "B": 100
                },
                "EndColor": {},
                "ColorVector": {
                  "ScaleY": 1.0
                },
                "Scale9Width": 1,
                "Scale9Height": 1,
                "TouchEnable": true,
                "AnchorPoint": {},
                "Position": {
                  "X": 40.0,
                  "Y": 118.0
                },
                "Scale": {
                  "ScaleX": 1.0,
                  "ScaleY": 1.0
                },
                "CColor": {},
                "IconVisible": false,
                "PrePosition": {
                  "X": 0.0714,
                  "Y": 0.2034
                },
                "PreSize": {
                  "X": 0.7393,
                  "Y": 0.7241
                },
                "LeftMargin": 40.0,
                "RightMargin": 106.0,
                "TopMargin": 42.0,
                "BottomMargin": 118.0,
                "Tag": 21,
                "Children": [
                  {
                    "ClipAble": false,
                    "BackColorAlpha": 102,
                    "SingleColor": {
                      "R": 150,
                      "G": 200
                    },
                    "FirstColor": {
                      "R": 150,
                      "G": 200
                    },
                    "EndColor": {},
                    "ColorVector": {
                      "ScaleY": 1.0
                    },
                    "Scale9Width": 1,
                    "Scale9Height": 1,
                    "AnchorPoint": {},
                    "Position": {
                      "X": 0.0,
                      "Y": 0.0
                    },
                    "Scale": {
                      "ScaleX": 1.0,
                      "ScaleY": 1.0
                    },
                    "CColor": {},
                    "IconVisible": false,
                    "PrePosition": {
                      "X": 0.0,
                      "Y": 0.0
                    },
                    "PercentWidthEnable": true,
                    "PercentWidthEnabled": true,
                    "PreSize": {
                      "X": 1.0,
                      "Y": 0.2619
                    },
                    "TopMargin": 310.0,
                    "Tag": 26,
                    "Children": [
                      {
                        "FileData": {
                          "Type": "Default",
                          "Path": "Default/ImageFile.png",
                          "Plist": ""
                        },
                        "Scale9Width": 46,
                        "Scale9Height": 46,
                        "TouchEnable": true,
                        "AnchorPoint": {
                          "ScaleX": 0.5,
                          "ScaleY": 0.5
                        },
                        "Position": {
                          "X": 69.0,
                          "Y": 55.0
                        },
                        "Scale": {
                          "ScaleX": 1.0,
                          "ScaleY": 1.0
                        },
                        "CColor": {},
                        "IconVisible": false,
                        "PositionPercentYEnabled": true,
                        "PrePosition": {
                          "X": 0.1667,
                          "Y": 0.5
                        },
                        "PreSize": {
                          "X": 0.2415,
                          "Y": 0.9091
                        },
                        "LeftMargin": 19.0,
                        "RightMargin": 295.0,
                        "TopMargin": 5.0,
                        "BottomMargin": 5.0,
                        "Tag": 29,
                        "ActionTag": -190891066,
                        "Size": {
                          "X": 100.0,
                          "Y": 100.0
                        },
                        "Name": "emot_img0",
                        "ctype": "ImageViewObjectData"
                      },
                      {
                        "FileData": {
                          "Type": "Default",
                          "Path": "Default/ImageFile.png",
                          "Plist": ""
                        },
                        "Scale9Width": 46,
                        "Scale9Height": 46,
                        "TouchEnable": true,
                        "AnchorPoint": {
                          "ScaleX": 0.5,
                          "ScaleY": 0.5
                        },
                        "Position": {
                          "X": 207.0,
                          "Y": 55.0
                        },
                        "Scale": {
                          "ScaleX": 1.0,
                          "ScaleY": 1.0
                        },
                        "CColor": {},
                        "IconVisible": false,
                        "PositionPercentYEnabled": true,
                        "PrePosition": {
                          "X": 0.5,
                          "Y": 0.5
                        },
                        "PreSize": {
                          "X": 0.2415,
                          "Y": 0.9091
                        },
                        "LeftMargin": 157.0,
                        "RightMargin": 157.0,
                        "TopMargin": 5.0,
                        "BottomMargin": 5.0,
                        "Tag": 31,
                        "ActionTag": -560424043,
                        "Size": {
                          "X": 100.0,
                          "Y": 100.0
                        },
                        "Name": "emot_img1",
                        "ctype": "ImageViewObjectData"
                      },
                      {
                        "FileData": {
                          "Type": "Default",
                          "Path": "Default/ImageFile.png",
                          "Plist": ""
                        },
                        "Scale9Width": 46,
                        "Scale9Height": 46,
                        "TouchEnable": true,
                        "AnchorPoint": {
                          "ScaleX": 0.5,
                          "ScaleY": 0.5
                        },
                        "Position": {
                          "X": 345.0,
                          "Y": 55.0
                        },
                        "Scale": {
                          "ScaleX": 1.0,
                          "ScaleY": 1.0
                        },
                        "CColor": {},
                        "IconVisible": false,
                        "PositionPercentYEnabled": true,
                        "PrePosition": {
                          "X": 0.8333,
                          "Y": 0.5
                        },
                        "PreSize": {
                          "X": 0.2415,
                          "Y": 0.9091
                        },
                        "LeftMargin": 295.0,
                        "RightMargin": 19.0,
                        "TopMargin": 5.0,
                        "BottomMargin": 5.0,
                        "Tag": 32,
                        "ActionTag": -1176826188,
                        "Size": {
                          "X": 100.0,
                          "Y": 100.0
                        },
                        "Name": "emot_img2",
                        "ctype": "ImageViewObjectData"
                      }
                    ],
                    "ActionTag": -1293132183,
                    "Size": {
                      "X": 414.0,
                      "Y": 110.0
                    },
                    "Name": "item_panel",
                    "ctype": "PanelObjectData"
                  }
                ],
                "ActionTag": -1462463411,
                "Size": {
                  "X": 414.0,
                  "Y": 420.0
                },
                "Name": "emot_scroll",
                "ctype": "ScrollViewObjectData"
              },
              {
                "InnerNodeSize": {
                  "Width": 414,
                  "Height": 420
                },
                "ScrollDirectionType": "Vertical",
                "ClipAble": true,
                "BackColorAlpha": 102,
                "SingleColor": {
                  "G": 150,
                  "B": 100
                },
                "FirstColor": {
                  "G": 150,
                  "B": 100
                },
                "EndColor": {},
                "ColorVector": {
                  "ScaleY": 1.0
                },
                "Scale9Width": 1,
                "Scale9Height": 1,
                "TouchEnable": true,
                "AnchorPoint": {},
                "Position": {
                  "X": 40.0,
                  "Y": 118.0
                },
                "Scale": {
                  "ScaleX": 1.0,
                  "ScaleY": 1.0
                },
                "CColor": {},
                "IconVisible": false,
                "PrePosition": {
                  "X": 0.0714,
                  "Y": 0.2034
                },
                "PreSize": {
                  "X": 0.7393,
                  "Y": 0.7241
                },
                "LeftMargin": 40.0,
                "RightMargin": 106.0,
                "TopMargin": 42.0,
                "BottomMargin": 118.0,
                "Tag": 22,
                "Children": [
                  {
                    "ClipAble": false,
                    "BackColorAlpha": 102,
                    "SingleColor": {
                      "R": 150,
                      "G": 200
                    },
                    "FirstColor": {
                      "R": 150,
                      "G": 200
                    },
                    "EndColor": {},
                    "ColorVector": {
                      "ScaleY": 1.0
                    },
                    "Scale9Width": 1,
                    "Scale9Height": 1,
                    "AnchorPoint": {},
                    "Position": {
                      "X": 0.0,
                      "Y": 0.0
                    },
                    "Scale": {
                      "ScaleX": 1.0,
                      "ScaleY": 1.0
                    },
                    "CColor": {},
                    "IconVisible": false,
                    "PrePosition": {
                      "X": 0.0,
                      "Y": 0.0
                    },
                    "PercentWidthEnable": true,
                    "PercentWidthEnabled": true,
                    "PreSize": {
                      "X": 1.0,
                      "Y": 0.1429
                    },
                    "TopMargin": 360.0,
                    "Tag": 34,
                    "Children": [
                      {
                        "FileData": {
                          "Type": "Normal",
                          "Path": "CommunicateUI/voice_bg.png",
                          "Plist": ""
                        },
                        "Scale9Enable": true,
                        "Scale9OriginX": 11,
                        "Scale9OriginY": 13,
                        "Scale9Width": 392,
                        "Scale9Height": 30,
                        "TouchEnable": true,
                        "AnchorPoint": {
                          "ScaleX": 0.5,
                          "ScaleY": 0.5
                        },
                        "Position": {
                          "X": 207.0,
                          "Y": 30.0
                        },
                        "Scale": {
                          "ScaleX": 1.0,
                          "ScaleY": 1.0
                        },
                        "CColor": {},
                        "IconVisible": false,
                        "PositionPercentXEnabled": true,
                        "PositionPercentYEnabled": true,
                        "PrePosition": {
                          "X": 0.5,
                          "Y": 0.5
                        },
                        "PercentWidthEnable": true,
                        "PercentHeightEnable": true,
                        "PercentWidthEnabled": true,
                        "PercentHeightEnabled": true,
                        "PreSize": {
                          "X": 1.0,
                          "Y": 1.12
                        },
                        "TopMargin": -3.6,
                        "BottomMargin": -3.6,
                        "Tag": 35,
                        "ActionTag": -430872457,
                        "Size": {
                          "X": 414.0,
                          "Y": 67.2
                        },
                        "Name": "bg_img",
                        "ctype": "ImageViewObjectData"
                      },
                      {
                        "IsCustomSize": true,
                        "FontSize": 22,
                        "LabelText": "1.啊啊啊啊啊啊啊啊啊啊啊啊啊",
                        "FontResource": {
                          "Type": "Normal",
                          "Path": "font/zhunyuan.ttf",
                          "Plist": ""
                        },
                        "VerticalAlignmentType": "VT_Center",
                        "OutlineColor": {
                          "G": 0,
                          "B": 0
                        },
                        "ShadowColor": {
                          "R": 110,
                          "G": 110,
                          "B": 110
                        },
                        "ShadowOffsetX": 2.0,
                        "ShadowOffsetY": -2.0,
                        "AnchorPoint": {
                          "ScaleY": 0.5
                        },
                        "Position": {
                          "X": 16.56,
                          "Y": 30.0
                        },
                        "Scale": {
                          "ScaleX": 1.0,
                          "ScaleY": 1.0
                        },
                        "CColor": {},
                        "IconVisible": false,
                        "PositionPercentXEnabled": true,
                        "PositionPercentYEnabled": true,
                        "PrePosition": {
                          "X": 0.04,
                          "Y": 0.5
                        },
                        "PreSize": {
                          "X": 1.3527,
                          "Y": 0.6667
                        },
                        "LeftMargin": 16.56,
                        "RightMargin": -162.56,
                        "TopMargin": 10.0,
                        "BottomMargin": 10.0,
                        "Tag": 36,
                        "ActionTag": 2110014739,
                        "Size": {
                          "X": 560.0,
                          "Y": 40.0
                        },
                        "Name": "content_label",
                        "ctype": "TextObjectData"
                      }
                    ],
                    "ActionTag": -1084481329,
                    "Size": {
                      "X": 414.0,
                      "Y": 60.0
                    },
                    "Name": "item_panel",
                    "ctype": "PanelObjectData"
                  }
                ],
                "ActionTag": 175660532,
                "Size": {
                  "X": 414.0,
                  "Y": 420.0
                },
                "Name": "voice_scroll",
                "ctype": "ScrollViewObjectData"
              },
              {
                "FontSize": 14,
                "ButtonText": "",
                "TextColor": {
                  "R": 65,
                  "G": 65,
                  "B": 70
                },
                "DisabledFileData": {
                  "Type": "Normal",
                  "Path": "CommunicateUI/emot_btn2.png",
                  "Plist": ""
                },
                "PressedFileData": {
                  "Type": "Normal",
                  "Path": "CommunicateUI/emot_btn2.png",
                  "Plist": ""
                },
                "NormalFileData": {
                  "Type": "Normal",
                  "Path": "CommunicateUI/emot_btn1.png",
                  "Plist": ""
                },
                "Scale9Enable": true,
                "Scale9OriginX": 15,
                "Scale9OriginY": 11,
                "Scale9Width": 56,
                "Scale9Height": 208,
                "OutlineColor": {
                  "G": 0,
                  "B": 0
                },
                "ShadowColor": {
                  "R": 110,
                  "G": 110,
                  "B": 110
                },
                "ShadowOffsetX": 2.0,
                "ShadowOffsetY": -2.0,
                "TouchEnable": true,
                "AnchorPoint": {
                  "ScaleX": 0.5,
                  "ScaleY": 0.5
                },
                "Position": {
                  "X": 490.0,
                  "Y": 435.0
                },
                "Scale": {
                  "ScaleX": 1.0,
                  "ScaleY": 1.0
                },
                "CColor": {},
                "IconVisible": false,
                "PrePosition": {
                  "X": 0.875,
                  "Y": 0.75
                },
                "PreSize": {
                  "X": 0.1536,
                  "Y": 0.3966
                },
                "LeftMargin": 447.0,
                "RightMargin": 27.0,
                "TopMargin": 30.0,
                "BottomMargin": 320.0,
                "Tag": 23,
                "ActionTag": -1654848058,
                "Size": {
                  "X": 86.0,
                  "Y": 230.0
                },
                "Name": "emot_btn",
                "ctype": "ButtonObjectData"
              },
              {
                "FontSize": 14,
                "ButtonText": "",
                "TextColor": {
                  "R": 65,
                  "G": 65,
                  "B": 70
                },
                "DisabledFileData": {
                  "Type": "Normal",
                  "Path": "CommunicateUI/voice_btn2.png",
                  "Plist": ""
                },
                "PressedFileData": {
                  "Type": "Normal",
                  "Path": "CommunicateUI/voice_btn2.png",
                  "Plist": ""
                },
                "NormalFileData": {
                  "Type": "Normal",
                  "Path": "CommunicateUI/voice_btn1.png",
                  "Plist": ""
                },
                "Scale9Enable": true,
                "Scale9OriginX": 15,
                "Scale9OriginY": 11,
                "Scale9Width": 56,
                "Scale9Height": 208,
                "OutlineColor": {
                  "G": 0,
                  "B": 0
                },
                "ShadowColor": {
                  "R": 110,
                  "G": 110,
                  "B": 110
                },
                "ShadowOffsetX": 2.0,
                "ShadowOffsetY": -2.0,
                "TouchEnable": true,
                "AnchorPoint": {
                  "ScaleX": 0.5,
                  "ScaleY": 0.5
                },
                "Position": {
                  "X": 490.0,
                  "Y": 224.0
                },
                "Scale": {
                  "ScaleX": 1.0,
                  "ScaleY": 1.0
                },
                "CColor": {},
                "IconVisible": false,
                "PrePosition": {
                  "X": 0.875,
                  "Y": 0.3862
                },
                "PreSize": {
                  "X": 0.1536,
                  "Y": 0.3966
                },
                "LeftMargin": 447.0,
                "RightMargin": 27.0,
                "TopMargin": 241.0,
                "BottomMargin": 109.0,
                "Tag": 24,
                "ActionTag": 421974273,
                "Size": {
                  "X": 86.0,
                  "Y": 230.0
                },
                "Name": "voice_btn",
                "ctype": "ButtonObjectData"
              },
              {
                "FontSize": 14,
                "ButtonText": "",
                "TextColor": {
                  "R": 65,
                  "G": 65,
                  "B": 70
                },
                "NormalFileData": {
                  "Type": "Normal",
                  "Path": "CommunicateUI/send_btn.png",
                  "Plist": ""
                },
                "Scale9Enable": true,
                "Scale9OriginX": 15,
                "Scale9OriginY": 11,
                "Scale9Width": 140,
                "Scale9Height": 64,
                "OutlineColor": {
                  "G": 0,
                  "B": 0
                },
                "ShadowColor": {
                  "R": 110,
                  "G": 110,
                  "B": 110
                },
                "ShadowOffsetX": 2.0,
                "ShadowOffsetY": -2.0,
                "TouchEnable": true,
                "AnchorPoint": {
                  "ScaleX": 0.5,
                  "ScaleY": 0.5
                },
                "Position": {
                  "X": 439.0,
                  "Y": 75.0
                },
                "Scale": {
                  "ScaleX": 1.0,
                  "ScaleY": 1.0
                },
                "CColor": {},
                "IconVisible": false,
                "PrePosition": {
                  "X": 0.7839,
                  "Y": 0.1293
                },
                "PreSize": {
                  "X": 0.3036,
                  "Y": 0.1483
                },
                "LeftMargin": 354.0,
                "RightMargin": 36.0,
                "TopMargin": 462.0,
                "BottomMargin": 32.0,
                "Tag": 6683,
                "ActionTag": 1966663481,
                "Size": {
                  "X": 170.0,
                  "Y": 86.0
                },
                "Name": "send_btn",
                "ctype": "ButtonObjectData"
              },
              {
                "FontResource": {
                  "Type": "Normal",
                  "Path": "font/zhunyuan.ttf",
                  "Plist": ""
                },
                "FontSize": 24,
                "IsCustomSize": true,
                "LabelText": "",
                "PlaceHolderText": "点击这里输入                        限20字以内",
                "MaxLengthEnable": true,
                "MaxLengthText": 20,
                "TouchEnable": true,
                "AnchorPoint": {
                  "ScaleY": 0.5
                },
                "Position": {
                  "X": 56.0,
                  "Y": 73.0001
                },
                "Scale": {
                  "ScaleX": 1.0,
                  "ScaleY": 1.0
                },
                "CColor": {},
                "IconVisible": false,
                "PrePosition": {
                  "X": 0.1,
                  "Y": 0.1259
                },
                "PreSize": {
                  "X": 0.5179,
                  "Y": 0.1034
                },
                "LeftMargin": 56.0,
                "RightMargin": 214.0,
                "TopMargin": 476.9999,
                "BottomMargin": 43.0001,
                "Tag": 6685,
                "ActionTag": 878513802,
                "Size": {
                  "X": 290.0,
                  "Y": 60.0
                },
                "Name": "msg_tf",
                "ctype": "TextFieldObjectData"
              }
            ],
            "ActionTag": -443965849,
            "Size": {
              "X": 560.0,
              "Y": 580.0
            },
            "Name": "communicate_panel",
            "ctype": "PanelObjectData"
          }
        ],
        "Size": {
          "X": 1280.0,
          "Y": 720.0
        },
        "Name": "Layer",
        "ctype": "LayerObjectData"
      },
      "UsedResources": [
        "CommunicateUI/communicate_frame.png",
        "CommunicateUI/emot_btn1.png",
        "CommunicateUI/emot_btn2.png",
        "CommunicateUI/mask_bg.png",
        "CommunicateUI/send_btn.png",
        "CommunicateUI/voice_bg.png",
        "CommunicateUI/voice_btn1.png",
        "CommunicateUI/voice_btn2.png",
        "Default/ImageFile.png",
        "font/zhunyuan.ttf"
      ],
      "ctype": "GameFileData"
    }
  },
  "Type": "Layer"
}