{
  "ID": "33ec37e0-16a2-4578-b5ea-ed1e77ab1aa2",
  "Version": "3.10.0.0",
  "Name": "FeedBackUI",
  "Content": {
    "Content": {
      "Animation": {
        "Duration": 0,
        "Speed": 1.0,
        "Timelines": [],
        "ctype": "TimelineActionData"
      },
      "AnimationList": [],
      "ObjectData": {
        "Tag": 41,
        "Children": [
          {
            "ClipAble": false,
            "BackColorAlpha": 102,
            "FileData": {
              "Type": "Normal",
              "Path": "BackGround/small_win.png",
              "Plist": ""
            },
            "SingleColor": {
              "R": 150,
              "G": 200
            },
            "FirstColor": {
              "R": 150,
              "G": 200
            },
            "EndColor": {},
            "ColorVector": {
              "ScaleY": 1.0
            },
            "Scale9OriginX": 80,
            "Scale9OriginY": 80,
            "Scale9Width": 824,
            "Scale9Height": 470,
            "TouchEnable": true,
            "AnchorPoint": {
              "ScaleX": 0.5,
              "ScaleY": 0.5
            },
            "Position": {
              "X": 640.0,
              "Y": 360.0
            },
            "Scale": {
              "ScaleX": 1.0,
              "ScaleY": 1.0
            },
            "CColor": {},
            "IconVisible": false,
            "PositionPercentXEnabled": true,
            "PositionPercentYEnabled": true,
            "PrePosition": {
              "X": 0.5,
              "Y": 0.5
            },
            "PreSize": {
              "X": 0.5984,
              "Y": 0.6917
            },
            "LeftMargin": 257.0,
            "RightMargin": 257.0,
            "TopMargin": 111.0,
            "BottomMargin": 111.0,
            "Tag": 54,
            "Children": [
              {
                "FileData": {
                  "Type": "Normal",
                  "Path": "FeedBackUI/title.png",
                  "Plist": ""
                },
                "Scale9OriginX": 64,
                "Scale9OriginY": 13,
                "Scale9Width": 68,
                "Scale9Height": 14,
                "AnchorPoint": {
                  "ScaleX": 0.5,
                  "ScaleY": 0.5
                },
                "Position": {
                  "X": 391.1835,
                  "Y": 450.0117
                },
                "Scale": {
                  "ScaleX": 1.0,
                  "ScaleY": 1.0
                },
                "CColor": {},
                "IconVisible": false,
                "PrePosition": {
                  "X": 0.5107,
                  "Y": 0.9036
                },
                "PreSize": {
                  "X": 0.2559,
                  "Y": 0.0803
                },
                "LeftMargin": 293.1835,
                "RightMargin": 276.8165,
                "TopMargin": 27.9883,
                "BottomMargin": 430.0117,
                "Tag": 776,
                "ActionTag": 137714139,
                "Size": {
                  "X": 196.0,
                  "Y": 40.0
                },
                "Name": "title_img",
                "ctype": "ImageViewObjectData"
              },
              {
                "FileData": {
                  "Type": "Normal",
                  "Path": "BackGround/public_flat_bg.png",
                  "Plist": ""
                },
                "Scale9Enable": true,
                "Scale9OriginX": 90,
                "Scale9OriginY": 60,
                "Scale9Width": 14,
                "Scale9Height": 20,
                "AnchorPoint": {
                  "ScaleX": 0.5,
                  "ScaleY": 0.5
                },
                "Position": {
                  "X": 396.788,
                  "Y": 253.98
                },
                "Scale": {
                  "ScaleX": 1.0,
                  "ScaleY": 1.0
                },
                "CColor": {},
                "IconVisible": false,
                "PositionPercentXEnabled": true,
                "PositionPercentYEnabled": true,
                "PrePosition": {
                  "X": 0.518,
                  "Y": 0.51
                },
                "PreSize": {
                  "X": 0.7833,
                  "Y": 0.6426
                },
                "LeftMargin": 96.788,
                "RightMargin": 69.212,
                "TopMargin": 84.02,
                "BottomMargin": 93.98,
                "Tag": 68,
                "ActionTag": -529392279,
                "Size": {
                  "X": 600.0,
                  "Y": 320.0
                },
                "Name": "bg_img",
                "ctype": "ImageViewObjectData"
              },
              {
                "FontSize": 26,
                "IsCustomSize": true,
                "LabelText": "",
                "PlaceHolderText": "您的反馈意见",
                "MaxLengthText": 10,
                "TouchEnable": true,
                "AnchorPoint": {
                  "ScaleX": 0.5,
                  "ScaleY": 0.5
                },
                "Position": {
                  "X": 396.788,
                  "Y": 253.98
                },
                "Scale": {
                  "ScaleX": 1.0,
                  "ScaleY": 1.0
                },
                "CColor": {
                  "R": 49,
                  "G": 48,
                  "B": 48
                },
                "IconVisible": false,
                "PositionPercentXEnabled": true,
                "PositionPercentYEnabled": true,
                "PrePosition": {
                  "X": 0.518,
                  "Y": 0.51
                },
                "PreSize": {
                  "X": 0.718,
                  "Y": 0.5622
                },
                "LeftMargin": 121.788,
                "RightMargin": 94.212,
                "TopMargin": 104.02,
                "BottomMargin": 113.98,
                "Tag": 65,
                "ActionTag": -1583894580,
                "Size": {
                  "X": 550.0,
                  "Y": 280.0
                },
                "Name": "feedback_input",
                "ctype": "TextFieldObjectData"
              },
              {
                "FontSize": 14,
                "ButtonText": "",
                "TextColor": {
                  "R": 65,
                  "G": 65,
                  "B": 70
                },
                "NormalFileData": {
                  "Type": "Normal",
                  "Path": "Default/ok_btn.png",
                  "Plist": ""
                },
                "Scale9Enable": true,
                "Scale9OriginX": 15,
                "Scale9OriginY": 11,
                "Scale9Width": 222,
                "Scale9Height": 92,
                "OutlineColor": {
                  "G": 0,
                  "B": 0
                },
                "ShadowColor": {
                  "R": 110,
                  "G": 110,
                  "B": 110
                },
                "ShadowOffsetX": 2.0,
                "ShadowOffsetY": -2.0,
                "TouchEnable": true,
                "AnchorPoint": {
                  "ScaleX": 0.5,
                  "ScaleY": 0.5
                },
                "Position": {
                  "X": 383.0,
                  "Y": 71.8116
                },
                "Scale": {
                  "ScaleX": 1.0,
                  "ScaleY": 1.0
                },
                "CColor": {},
                "IconVisible": false,
                "PositionPercentXEnabled": true,
                "PositionPercentYEnabled": true,
                "PrePosition": {
                  "X": 0.5,
                  "Y": 0.1442
                },
                "PreSize": {
                  "X": 0.2533,
                  "Y": 0.1727
                },
                "LeftMargin": 286.0,
                "RightMargin": 286.0,
                "TopMargin": 383.1884,
                "BottomMargin": 28.8116,
                "Tag": 67,
                "ActionTag": 770644376,
                "Size": {
                  "X": 194.0,
                  "Y": 86.0
                },
                "Name": "confirm_btn",
                "ctype": "ButtonObjectData"
              },
              {
                "FontSize": 14,
                "ButtonText": "",
                "TextColor": {
                  "R": 65,
                  "G": 65,
                  "B": 70
                },
                "NormalFileData": {
                  "Type": "Normal",
                  "Path": "Default/return_btn.png",
                  "Plist": ""
                },
                "Scale9OriginX": 15,
                "Scale9OriginY": 11,
                "Scale9Width": 12,
                "Scale9Height": 20,
                "OutlineColor": {
                  "G": 0,
                  "B": 0
                },
                "ShadowColor": {
                  "R": 110,
                  "G": 110,
                  "B": 110
                },
                "ShadowOffsetX": 2.0,
                "ShadowOffsetY": -2.0,
                "TouchEnable": true,
                "AnchorPoint": {
                  "ScaleX": 0.5,
                  "ScaleY": 0.5
                },
                "Position": {
                  "X": 702.8816,
                  "Y": 444.5646
                },
                "Scale": {
                  "ScaleX": 1.0,
                  "ScaleY": 1.0
                },
                "CColor": {},
                "IconVisible": false,
                "PositionPercentXEnabled": true,
                "PositionPercentYEnabled": true,
                "PrePosition": {
                  "X": 0.9176,
                  "Y": 0.8927
                },
                "PreSize": {
                  "X": 0.107,
                  "Y": 0.1486
                },
                "LeftMargin": 661.8816,
                "RightMargin": 22.1184,
                "TopMargin": 16.4354,
                "BottomMargin": 407.5646,
                "Tag": 69,
                "ActionTag": 1473358653,
                "Size": {
                  "X": 82.0,
                  "Y": 74.0
                },
                "Name": "return_btn",
                "ctype": "ButtonObjectData"
              }
            ],
            "ActionTag": -1318907444,
            "Size": {
              "X": 766.0,
              "Y": 498.0
            },
            "Name": "feedback_panel",
            "ctype": "PanelObjectData"
          }
        ],
        "Size": {
          "X": 1280.0,
          "Y": 720.0
        },
        "Name": "Layer",
        "ctype": "LayerObjectData"
      },
      "UsedResources": [
        "BackGround/public_flat_bg.png",
        "BackGround/small_win.png",
        "Default/ok_btn.png",
        "Default/return_btn.png",
        "FeedBackUI/title.png"
      ],
      "ctype": "GameFileData"
    }
  },
  "Type": "Layer"
}