{
  "ID": "00ae488b-972b-4779-b0fa-34593a8c53bb",
  "Version": "3.10.0.0",
  "Name": "ShareUI",
  "Content": {
    "Content": {
      "Animation": {
        "Duration": 0,
        "Speed": 1.0,
        "Timelines": [],
        "ctype": "TimelineActionData"
      },
      "AnimationList": [],
      "ObjectData": {
        "Tag": 2730,
        "Children": [
          {
            "ClipAble": false,
            "BackColorAlpha": 178,
            "ComboBoxIndex": 1,
            "SingleColor": {
              "R": 0,
              "G": 0,
              "B": 0
            },
            "FirstColor": {
              "R": 150,
              "G": 200
            },
            "EndColor": {},
            "ColorVector": {
              "ScaleY": 1.0
            },
            "TouchEnable": true,
            "AnchorPoint": {},
            "Position": {
              "X": 0.0,
              "Y": 0.0
            },
            "Scale": {
              "ScaleX": 1.0,
              "ScaleY": 1.0
            },
            "CColor": {},
            "IconVisible": false,
            "PositionPercentXEnabled": true,
            "PositionPercentYEnabled": true,
            "PrePosition": {
              "X": 0.0,
              "Y": 0.0
            },
            "PercentWidthEnable": true,
            "PercentHeightEnable": true,
            "PercentWidthEnabled": true,
            "PercentHeightEnabled": true,
            "PreSize": {
              "X": 1.0,
              "Y": 1.0
            },
            "Tag": 2731,
            "ActionTag": -706818122,
            "Size": {
              "X": 1280.0,
              "Y": 720.0
            },
            "Name": "bg_panel",
            "ctype": "PanelObjectData"
          },
          {
            "ClipAble": false,
            "BackColorAlpha": 102,
            "SingleColor": {
              "R": 150,
              "G": 200
            },
            "FirstColor": {
              "R": 150,
              "G": 200
            },
            "EndColor": {},
            "ColorVector": {
              "ScaleY": 1.0
            },
            "AnchorPoint": {
              "ScaleY": 1.0
            },
            "Position": {
              "X": 0.0,
              "Y": 720.0
            },
            "Scale": {
              "ScaleX": 1.0,
              "ScaleY": 1.0
            },
            "CColor": {},
            "IconVisible": false,
            "PositionPercentXEnabled": true,
            "PositionPercentYEnabled": true,
            "PrePosition": {
              "X": 0.0,
              "Y": 1.0
            },
            "PreSize": {
              "X": 0.5859,
              "Y": 0.0972
            },
            "RightMargin": 530.0,
            "BottomMargin": 650.0,
            "Tag": 2732,
            "Children": [
              {
                "FileData": {
                  "Type": "Normal",
                  "Path": "Default/common_arrow.png",
                  "Plist": ""
                },
                "Scale9OriginX": 26,
                "Scale9OriginY": 22,
                "Scale9Width": 29,
                "Scale9Height": 23,
                "AnchorPoint": {
                  "ScaleY": 0.5
                },
                "Position": {
                  "X": 0.0,
                  "Y": 35.0
                },
                "Scale": {
                  "ScaleX": 1.0,
                  "ScaleY": 1.0
                },
                "CColor": {},
                "IconVisible": false,
                "PositionPercentXEnabled": true,
                "PositionPercentYEnabled": true,
                "PrePosition": {
                  "X": 0.0,
                  "Y": 0.5
                },
                "PreSize": {
                  "X": 0.108,
                  "Y": 0.9571
                },
                "RightMargin": 669.0,
                "TopMargin": 1.5,
                "BottomMargin": 1.5,
                "Tag": 2733,
                "ActionTag": 2053723051,
                "Size": {
                  "X": 81.0,
                  "Y": 67.0
                },
                "Name": "arrow_img",
                "ctype": "ImageViewObjectData"
              },
              {
                "IsCustomSize": true,
                "FontSize": 48,
                "LabelText": "点击使用微信发送给朋友",
                "VerticalAlignmentType": "VT_Center",
                "OutlineColor": {
                  "G": 0,
                  "B": 0
                },
                "ShadowColor": {
                  "R": 110,
                  "G": 110,
                  "B": 110
                },
                "ShadowOffsetX": 2.0,
                "ShadowOffsetY": -2.0,
                "AnchorPoint": {
                  "ScaleX": 1.0,
                  "ScaleY": 0.5
                },
                "Position": {
                  "X": 750.0,
                  "Y": 35.0
                },
                "Scale": {
                  "ScaleX": 1.0,
                  "ScaleY": 1.0
                },
                "CColor": {
                  "R": 252,
                  "G": 208,
                  "B": 105
                },
                "IconVisible": false,
                "PositionPercentXEnabled": true,
                "PositionPercentYEnabled": true,
                "PrePosition": {
                  "X": 1.0,
                  "Y": 0.5
                },
                "PreSize": {
                  "X": 0.8,
                  "Y": 0.6857
                },
                "LeftMargin": 150.0,
                "TopMargin": 11.0,
                "BottomMargin": 11.0,
                "Tag": 2734,
                "ActionTag": -1133029153,
                "Size": {
                  "X": 600.0,
                  "Y": 48.0
                },
                "Name": "hint_label",
                "ctype": "TextObjectData"
              }
            ],
            "ActionTag": -806297895,
            "Size": {
              "X": 750.0,
              "Y": 70.0
            },
            "Name": "hint_panel",
            "ctype": "PanelObjectData"
          }
        ],
        "Size": {
          "X": 1280.0,
          "Y": 720.0
        },
        "Name": "Layer",
        "ctype": "LayerObjectData"
      },
      "UsedResources": [
        "Default/common_arrow.png"
      ],
      "ctype": "GameFileData"
    }
  },
  "Type": "Layer"
}